ticker,date,direction,n_comp,range_high,range_low,range_size,entry_price,stop,target,exit_price,exit_date,risk,pnl_per_share,r_multiple,result,exit_reason
AAPL,2018-03-26,short,5,44.78,42.15,2.63,42.0175,44.78,36.4925,41.03,2018-04-26,2.7625,0.9875,0.3575,WIN,maxhold
AAPL,2018-07-13,long,1,47.67,47.325,0.345,47.77,47.325,48.66,47.325,2018-07-17,0.445,-0.445,-1.0,LOSS,stop
AAPL,2018-08-03,long,1,48.035,47.335,0.7,51.7575,47.335,60.6025,57.1025,2018-09-04,4.4225,5.345,1.2086,WIN,maxhold
AAPL,2018-10-30,short,5,56.0575,53.635,2.4225,52.7875,56.0575,46.2475,46.2475,2018-11-19,3.27,6.54,2.0,WIN,target
AAPL,2019-03-15,long,1,45.6675,44.8425,0.825,46.2125,44.8425,48.9525,48.9525,2019-03-21,1.37,2.74,2.0,WIN,target
AAPL,2019-05-15,short,4,51.8544,48.1925,3.6619,46.5675,51.8544,35.9937,48.225,2019-06-17,5.2869,-1.6575,-0.3135,LOSS,maxhold
AAPL,2019-09-12,long,5,54.195,51.83,2.365,56.2,51.83,64.94,58.725,2019-10-14,4.37,2.525,0.5778,WIN,maxhold
AAPL,2019-12-17,long,2,68.825,66.8303,1.9947,69.8925,66.8303,76.0169,76.0169,2020-01-08,3.0622,6.1244,2.0,WIN,target
AAPL,2020-02-26,short,5,81.495,77.625,3.87,71.6325,81.495,51.9075,62.685,2020-03-30,9.8625,8.9475,0.9072,WIN,maxhold
AAPL,2020-06-10,long,3,83.4,80.195,3.205,86.975,80.195,100.535,97.265,2020-07-13,6.78,10.29,1.5177,WIN,maxhold
AAPL,2020-08-03,long,2,96.2975,93.7125,2.585,108.2,93.7125,137.175,137.175,2020-09-02,14.4875,28.975,2.0,WIN,target
AAPL,2020-10-12,long,5,116.65,112.22,4.43,120.06,112.22,135.74,112.22,2020-10-28,7.84,-7.84,-1.0,LOSS,stop
AAPL,2021-01-22,long,5,132.49,126.938,5.552,136.28,126.938,154.964,128.01,2021-02-22,9.342,-8.27,-0.8852,LOSS,maxhold
AAPL,2021-05-12,short,5,134.07,126.7,7.37,123.4,134.07,102.06,127.82,2021-06-14,10.67,-4.42,-0.4142,LOSS,maxhold
AAPL,2021-06-23,long,3,132.55,128.461,4.089,133.77,128.461,144.388,144.388,2021-07-07,5.309,10.618,2.0,WIN,target
AAPL,2021-09-03,long,5,153.49,146.83,6.66,153.76,146.83,167.62,146.83,2021-09-15,6.93,-6.93,-1.0,LOSS,stop
AAPL,2021-11-19,long,5,155.0,147.48,7.52,157.65,147.48,177.99,177.99,2021-12-10,10.17,20.34,2.0,WIN,target
AAPL,2022-01-20,short,1,172.54,169.405,3.135,166.98,172.54,155.86,155.86,2022-01-24,5.56,11.12,2.0,WIN,target
AAPL,2023-03-21,long,5,156.74,147.7,9.04,157.32,147.7,176.56,165.05,2023-04-21,9.62,7.73,0.8035,WIN,maxhold
AAPL,2023-08-08,short,2,195.18,190.69,4.49,179.69,195.18,148.71,178.35,2023-09-08,15.49,1.34,0.0865,WIN,maxhold
AAPL,2024-01-05,short,2,194.4,183.885,10.515,181.99,194.4,157.17,194.4,2024-01-22,12.41,-12.41,-1.0,LOSS,stop
AAPL,2024-09-17,short,5,225.24,216.71,8.53,215.75,225.24,196.77,225.24,2024-09-19,9.49,-9.49,-1.0,LOSS,stop
AAPL,2024-10-10,long,5,228.0,221.33,6.67,227.78,221.33,240.68,221.33,2024-11-01,6.45,-6.45,-1.0,LOSS,stop
AAPL,2024-11-27,long,5,233.245,225.7103,7.5347,234.465,225.7103,251.9744,251.9744,2024-12-17,8.7547,17.5094,2.0,WIN,target
AAPL,2025-08-11,long,1,220.85,216.58,4.27,227.92,216.58,250.6,226.875,2025-09-11,11.34,-1.045,-0.0922,LOSS,maxhold
AAPL,2025-09-22,long,3,241.22,229.02,12.2,248.3,229.02,286.86,259.94,2025-10-23,19.28,11.64,0.6037,WIN,maxhold
AAPL,2025-10-28,long,1,264.13,259.18,4.95,268.985,259.18,288.595,277.26,2025-11-28,9.805,8.275,0.844,WIN,maxhold
AAPL,2026-01-08,short,3,277.84,262.12,15.72,257.02,277.84,215.38,277.84,2026-02-04,20.82,-20.82,-1.0,LOSS,stop
AAPL,2026-04-21,long,4,267.16,256.66,10.5,271.5,256.66,301.18,273.17,2026-04-22,14.84,1.67,0.1125,WIN,maxhold
AMD,2018-10-09,short,4,30.82,26.54,4.28,26.15,30.82,16.81,16.81,2018-10-29,4.67,9.34,2.0,WIN,target
AMD,2019-03-11,short,5,24.19,22.4,1.79,22.15,24.19,18.07,24.19,2019-03-19,2.04,-2.04,-1.0,LOSS,stop
AMD,2019-03-22,long,1,26.88,25.31,1.57,27.54,25.31,32.0,25.31,2019-03-27,2.23,-2.23,-1.0,LOSS,stop
AMD,2019-06-10,long,4,31.98,27.29,4.69,33.53,27.29,46.01,33.91,2019-07-11,6.24,0.38,0.0609,WIN,maxhold
AMD,2019-08-06,short,3,33.94,29.1,4.84,28.86,33.94,18.7,33.94,2019-08-08,5.08,-5.08,-1.0,LOSS,stop
AMD,2019-10-24,long,1,31.33,30.29,1.04,31.58,30.29,34.16,34.16,2019-10-31,1.29,2.58,2.0,WIN,target
AMD,2019-12-23,long,5,43.105,39.04,4.065,44.58,39.04,55.66,51.34,2020-01-23,5.54,6.76,1.2202,WIN,maxhold
AMD,2020-02-06,long,5,49.75,46.1,3.65,48.8,46.1,54.2,54.2,2020-02-11,2.7,5.4,2.0,WIN,target
AMD,2020-02-18,long,1,54.85,53.53,1.32,54.94,53.53,57.76,57.76,2020-02-19,1.41,2.82,2.0,WIN,target
AMD,2020-04-15,long,5,49.65,41.7,7.95,53.73,41.7,77.79,54.98,2020-05-18,12.03,1.25,0.1039,WIN,maxhold
AMD,2020-06-11,long,5,54.11,52.01,2.1,55.94,52.01,63.8,52.01,2020-06-24,3.93,-3.93,-1.0,LOSS,stop
AMD,2020-07-23,long,2,58.5,54.83,3.67,61.63,54.83,75.23,75.23,2020-07-29,6.8,13.6,2.0,WIN,target
AMD,2020-11-02,short,5,84.97,75.76,9.21,75.85,84.97,57.61,84.97,2020-11-06,9.12,-9.12,-1.0,LOSS,stop
AMD,2020-11-20,long,5,83.78,77.63,6.15,85.28,77.63,100.58,94.25,2020-12-21,7.65,8.97,1.1725,WIN,maxhold
AMD,2021-01-20,short,5,99.23,90.84,8.39,90.55,99.23,73.19,88.15,2021-02-22,8.68,2.4,0.2765,WIN,maxhold
AMD,2021-06-25,long,5,85.77,80.57,5.2,86.34,80.57,97.88,92.01,2021-07-26,5.77,5.67,0.9827,WIN,maxhold
AMD,2021-07-30,long,2,98.71,89.1,9.61,101.6,89.1,126.6,112.61,2021-08-30,12.5,11.01,0.8808,WIN,maxhold
AMD,2021-09-21,short,5,106.82,102.63,4.19,102.15,106.82,92.81,106.82,2021-09-23,4.67,-4.67,-1.0,LOSS,stop
AMD,2021-10-15,long,5,107.95,100.35,7.6,112.505,100.35,136.815,136.815,2021-11-04,12.155,24.31,2.0,WIN,target
AMD,2021-12-14,short,5,152.38,134.2,18.18,131.67,152.38,90.25,152.38,2021-12-27,20.71,-20.71,-1.0,LOSS,stop
AMD,2022-01-07,short,5,154.3399,140.7,13.6399,136.28,154.3399,100.1602,100.1602,2022-01-28,18.0599,36.1198,2.0,WIN,target
AMD,2022-08-31,short,4,97.5999,88.26,9.3399,86.28,97.5999,63.6402,63.6402,2022-09-29,11.3199,22.6398,2.0,WIN,target
AMD,2022-12-19,short,5,75.21,66.12,9.09,65.12,75.21,44.94,68.975,2023-01-19,10.09,-3.855,-0.3821,LOSS,maxhold
AMD,2023-03-16,long,5,87.81,80.665,7.145,89.72,80.665,107.83,90.23,2023-04-17,9.055,0.51,0.0563,WIN,maxhold
AMD,2023-04-25,short,3,92.16,88.22,3.94,86.9,92.16,76.38,92.16,2023-05-08,5.26,-5.26,-1.0,LOSS,stop
AMD,2023-05-17,long,4,99.94,93.4281,6.5119,101.79,93.4281,118.5138,118.5138,2023-05-25,8.3619,16.7238,2.0,WIN,target
AMD,2023-12-13,long,5,135.04,116.38,18.66,137.97,116.38,181.15,150.36,2024-01-16,21.59,12.39,0.5739,WIN,maxhold
AMD,2024-03-04,long,4,193.0,172.49,20.51,205.16,172.49,270.5,172.49,2024-03-25,32.67,-32.67,-1.0,LOSS,stop
AMD,2024-07-09,long,5,166.45,153.64,12.81,177.97,153.64,226.63,153.64,2024-07-18,24.33,-24.33,-1.0,LOSS,stop
AMD,2024-10-23,short,1,160.44,156.2,4.24,153.0,160.44,138.12,160.44,2024-10-29,7.44,-7.44,-1.0,LOSS,stop
AMD,2025-06-18,long,5,124.47,115.06,9.41,128.01,115.06,153.91,153.91,2025-07-15,12.95,25.9,2.0,WIN,target
AMD,2025-09-08,short,1,162.3916,156.62,5.7716,151.8,162.3916,130.6168,162.3916,2025-09-10,10.5916,-10.5916,-1.0,LOSS,stop
AMD,2025-10-07,long,5,171.06,157.05,14.01,214.85,157.05,330.45,230.94,2025-11-07,57.8,16.09,0.2784,WIN,maxhold
AMD,2025-11-21,short,5,263.51,234.64,28.87,208.805,263.51,99.395,220.0,2025-12-22,54.705,-11.195,-0.2046,LOSS,maxhold
AMD,2026-01-22,long,2,239.5,225.4105,14.0895,251.745,225.4105,304.414,225.4105,2026-02-04,26.3345,-26.3345,-1.0,LOSS,stop
AMD,2026-04-10,long,1,234.0,227.09,6.91,239.0,227.09,262.82,262.82,2026-04-16,11.91,23.82,2.0,WIN,target
AMZN,2018-02-22,long,5,73.447,67.2005,6.2465,74.768,67.2005,89.903,76.5,2018-03-26,7.5675,1.732,0.2289,WIN,maxhold
AMZN,2018-06-04,long,5,81.75,79.419,2.331,82.445,79.419,88.497,85.269,2018-07-05,3.026,2.824,0.9332,WIN,maxhold
AMZN,2018-07-13,long,4,87.848,84.5835,3.2645,90.1965,84.5835,101.4225,94.925,2018-08-13,5.613,4.7285,0.8424,WIN,maxhold
AMZN,2018-09-28,long,5,99.7625,93.25,6.5125,100.2205,93.25,114.1615,93.25,2018-10-05,6.9705,-6.9705,-1.0,LOSS,stop
AMZN,2018-10-11,short,2,95.0998,91.5331,3.5667,86.2,95.0998,68.4004,84.912,2018-11-12,8.8998,1.288,0.1447,WIN,maxhold
AMZN,2019-02-12,short,5,86.8206,80.675,6.1456,80.2,86.8206,66.9588,85.15,2019-03-15,6.6206,-4.95,-0.7477,LOSS,maxhold
AMZN,2019-05-24,short,5,95.8755,91.15,4.7255,91.7945,95.8755,83.6325,83.6325,2019-06-03,4.081,8.162,2.0,WIN,target
AMZN,2020-02-03,long,5,94.7495,90.767,3.9825,100.53,90.767,120.056,90.767,2020-02-28,9.763,-9.763,-1.0,LOSS,stop
AMZN,2020-05-19,long,5,120.9833,116.8903,4.093,121.4915,116.8903,130.6939,116.8903,2020-05-27,4.6012,-4.6012,-1.0,LOSS,stop
AMZN,2020-06-09,long,5,124.4,118.9115,5.4885,126.472,118.9115,141.593,141.593,2020-07-01,7.5605,15.121,2.0,WIN,target
AMZN,2020-08-19,long,5,160.8761,153.65,7.2261,165.1505,153.65,188.1515,153.65,2020-09-17,11.5005,-11.5005,-1.0,LOSS,stop
AMZN,2020-10-13,long,5,164.4495,154.5,9.9495,173.3995,154.5,211.1985,154.5,2020-10-30,18.8995,-18.8995,-1.0,LOSS,stop
AMZN,2021-02-03,long,4,167.513,159.3,8.213,171.2505,159.3,195.1515,159.3,2021-02-22,11.9505,-11.9505,-1.0,LOSS,stop
AMZN,2021-04-12,long,5,165.1806,153.125,12.0556,167.7605,153.125,197.0315,159.2735,2021-05-13,14.6355,-8.487,-0.5799,LOSS,maxhold
AMZN,2021-06-17,long,2,169.25,166.6725,2.5775,170.159,166.6725,177.132,177.132,2021-07-06,3.4865,6.973,2.0,WIN,target
AMZN,2021-11-19,long,3,179.694,172.3525,7.3415,185.6345,172.3525,212.1985,172.3525,2021-12-01,13.282,-13.282,-1.0,LOSS,stop
AMZN,2022-08-31,short,2,137.83,128.77,9.06,129.45,137.83,112.69,112.69,2022-09-23,8.38,16.76,2.0,WIN,target
AMZN,2023-04-20,long,5,103.73,97.705,6.025,103.53,97.705,115.18,115.18,2023-05-17,5.825,11.65,2.0,WIN,target
AMZN,2023-09-12,long,5,139.96,133.16,6.8,142.32,133.16,160.64,133.16,2023-09-21,9.16,-9.16,-1.0,LOSS,stop
AMZN,2023-11-07,long,4,137.35,125.52,11.83,140.55,125.52,170.61,145.48,2023-12-08,15.03,4.93,0.328,WIN,maxhold
AMZN,2023-12-19,long,5,150.57,143.64,6.93,154.4,143.64,175.92,153.83,2024-01-19,10.76,-0.57,-0.053,LOSS,maxhold
AMZN,2024-03-26,long,5,179.53,173.52,6.01,180.15,173.52,193.41,173.52,2024-04-19,6.63,-6.63,-1.0,LOSS,stop
AMZN,2024-05-08,long,3,188.745,179.91,8.835,187.44,179.91,202.5,179.91,2024-05-28,7.53,-7.53,-1.0,LOSS,stop
AMZN,2024-06-28,long,5,194.8,182.72,12.08,197.73,182.72,227.75,182.72,2024-07-18,15.01,-15.01,-1.0,LOSS,stop
AMZN,2024-11-07,long,5,200.5,185.23,15.27,207.44,185.23,251.86,227.21,2024-12-09,22.21,19.77,0.8901,WIN,maxhold
AMZN,2025-01-15,short,5,228.835,218.19,10.645,222.83,228.835,210.82,228.835,2025-01-21,6.005,-6.005,-1.0,LOSS,stop
AMZN,2025-01-29,long,2,235.52,231.19,4.33,239.015,231.19,254.665,231.19,2025-02-07,7.825,-7.825,-1.0,LOSS,stop
AMZN,2025-02-24,short,4,229.89,221.81,8.08,217.45,229.89,192.57,192.57,2025-03-07,12.44,24.88,2.0,WIN,target
AMZN,2025-09-25,short,5,235.9,228.71,7.19,220.06,235.9,188.38,227.66,2025-10-27,15.84,-7.6,-0.4798,LOSS,maxhold
AMZN,2025-11-04,long,3,232.82,222.75,10.07,250.38,222.75,305.64,222.75,2025-11-18,27.63,-27.63,-1.0,LOSS,stop
AMZN,2026-01-07,long,5,232.99,230.12,2.87,239.61,230.12,258.59,230.12,2026-01-20,9.49,-9.49,-1.0,LOSS,stop
AMZN,2026-02-09,short,4,246.35,220.38,25.97,208.97,246.35,134.21,210.39,2026-03-12,37.38,-1.42,-0.038,LOSS,maxhold
AMZN,2026-04-14,long,2,226.1,209.075,17.025,241.78,209.075,307.19,255.36,2026-04-22,32.705,13.58,0.4152,WIN,maxhold
AVGO,2019-01-16,long,5,25.292,23.076,2.216,25.72,23.076,31.008,28.115,2019-02-19,2.644,2.395,0.9058,WIN,maxhold
AVGO,2019-03-19,long,5,27.308,25.92,1.388,29.416,25.92,36.408,31.732,2019-04-22,3.496,2.316,0.6625,WIN,maxhold
AVGO,2019-05-14,short,5,31.193,29.666,1.527,29.569,31.193,26.321,26.321,2019-05-23,1.624,3.248,2.0,WIN,target
AVGO,2019-07-23,long,4,29.316,28.2391,1.0769,29.95,28.2391,33.3718,28.2391,2019-08-01,1.7109,-1.7109,-1.0,LOSS,stop
AVGO,2019-09-12,long,1,29.445,28.882,0.563,30.143,28.882,32.665,28.882,2019-09-13,1.261,-1.261,-1.0,LOSS,stop
AVGO,2019-12-12,long,5,31.793,30.313,1.48,31.973,30.313,35.293,30.313,2020-01-09,1.66,-1.66,-1.0,LOSS,stop
AVGO,2020-02-25,short,3,31.683,30.229,1.454,29.411,31.683,24.867,24.867,2020-03-09,2.272,4.544,2.0,WIN,target
AVGO,2020-05-27,long,5,28.131,25.677,2.454,28.302,25.677,33.552,30.807,2020-06-29,2.625,2.505,0.9543,WIN,maxhold
AVGO,2020-07-10,long,5,32.099,30.675,1.424,32.191,30.675,35.223,30.675,2020-07-14,1.516,-1.516,-1.0,LOSS,stop
AVGO,2020-08-04,long,5,31.84,30.6,1.24,32.05,30.6,34.95,34.95,2020-08-31,1.45,2.9,2.0,WIN,target
AVGO,2020-10-13,long,5,38.0,35.99,2.01,38.441,35.99,43.343,35.99,2020-10-26,2.451,-2.451,-1.0,LOSS,stop
AVGO,2020-10-29,short,1,36.518,35.922,0.596,34.726,36.518,31.142,36.518,2020-11-04,1.792,-1.792,-1.0,LOSS,stop
AVGO,2021-01-14,long,4,44.999,42.054,2.945,45.351,42.054,51.945,49.0875,2021-02-16,3.297,3.7365,1.1333,WIN,maxhold
AVGO,2021-03-08,short,5,49.086,45.521,3.565,44.683,49.086,35.877,48.798,2021-04-08,4.403,-4.115,-0.9346,LOSS,maxhold
AVGO,2021-07-30,long,5,48.362,46.78,1.582,48.196,46.78,51.028,46.78,2021-08-19,1.416,-1.416,-1.0,LOSS,stop
AVGO,2021-08-30,long,5,48.811,47.044,1.767,50.0,47.044,55.912,49.452,2021-09-30,2.956,-0.548,-0.1854,LOSS,maxhold
AVGO,2021-10-22,long,5,51.087,47.955,3.132,51.4742,47.955,58.5126,57.168,2021-11-22,3.5192,5.6938,1.6179,WIN,maxhold
AVGO,2021-12-13,long,5,59.307,54.4,4.907,63.4,54.4,81.4,62.747,2022-01-13,9.0,-0.653,-0.0726,LOSS,maxhold
AVGO,2022-03-28,long,5,61.35,58.886,2.464,62.588,58.886,69.992,58.886,2022-04-08,3.702,-3.702,-1.0,LOSS,stop
AVGO,2022-08-31,short,5,55.099,52.0,3.099,51.016,55.099,42.85,44.924,2022-10-03,4.083,6.092,1.492,WIN,maxhold
AVGO,2022-12-14,long,2,55.687,54.1,1.587,56.855,54.1,62.365,54.1,2022-12-20,2.755,-2.755,-1.0,LOSS,stop
AVGO,2023-01-10,long,5,56.816,54.801,2.015,57.2,54.801,61.998,59.631,2023-02-10,2.399,2.431,1.0133,WIN,maxhold
AVGO,2023-03-06,long,5,60.094,57.361,2.733,63.5,57.361,75.778,62.416,2023-04-06,6.139,-1.084,-0.1766,LOSS,maxhold
AVGO,2023-04-20,long,5,63.088,61.521,1.567,62.786,61.521,65.316,61.521,2023-04-26,1.265,-1.265,-1.0,LOSS,stop
AVGO,2023-05-17,long,5,64.002,61.586,2.416,64.735,61.586,71.033,71.033,2023-05-25,3.149,6.298,2.0,WIN,target
AVGO,2023-07-18,long,3,89.894,86.463,3.431,90.598,86.463,98.868,86.463,2023-08-09,4.135,-4.135,-1.0,LOSS,stop
AVGO,2023-08-14,short,1,86.15,83.707,2.443,83.113,86.15,77.039,86.15,2023-08-21,3.037,-3.037,-1.0,LOSS,stop
AVGO,2023-09-01,long,1,89.871,87.911,1.96,90.187,87.911,94.739,87.911,2023-09-05,2.276,-2.276,-1.0,LOSS,stop
AVGO,2023-11-09,long,4,90.177,86.0,4.177,91.25,86.0,101.75,95.701,2023-12-11,5.25,4.451,0.8478,WIN,maxhold
AVGO,2024-05-15,long,2,135.839,131.531,4.308,138.0,131.531,150.938,131.531,2024-05-31,6.469,-6.469,-1.0,LOSS,stop
AVGO,2024-06-13,long,4,146.501,138.824,7.677,171.0,138.824,235.352,170.0,2024-07-15,32.176,-1.0,-0.0311,LOSS,maxhold
AVGO,2024-07-26,short,1,162.99,157.9,5.09,153.5,162.99,134.52,134.52,2024-08-05,9.49,18.98,2.0,WIN,target
AVGO,2024-11-18,short,5,185.05,172.6,12.45,165.66,185.05,126.88,185.05,2024-12-13,19.39,-19.39,-1.0,LOSS,stop
AVGO,2025-06-27,long,1,269.87,263.43,6.44,270.3,263.43,284.04,263.43,2025-07-01,6.87,-6.87,-1.0,LOSS,stop
AVGO,2025-07-29,long,3,292.5943,273.0,19.5943,297.5,273.0,346.5,307.01,2025-08-29,24.5,9.51,0.3882,WIN,maxhold
AVGO,2025-09-11,long,4,356.34,287.17,69.17,371.18,287.17,539.2,352.77,2025-10-13,84.01,-18.41,-0.2191,LOSS,maxhold
AVGO,2025-10-30,long,3,374.06,350.875,23.185,386.4,350.875,457.45,350.875,2025-11-05,35.525,-35.525,-1.0,LOSS,stop
AVGO,2025-12-01,long,5,399.87,331.8,68.07,394.85,331.8,520.95,331.8,2025-12-17,63.05,-63.05,-1.0,LOSS,stop
COST,2018-05-17,long,5,197.27,193.15,4.12,199.06,193.15,210.88,206.0,2018-06-18,5.91,6.94,1.1743,WIN,maxhold
COST,2018-07-16,long,5,214.17,206.6583,7.5117,216.64,206.6583,236.6034,223.45,2018-08-16,9.9817,6.81,0.6822,WIN,maxhold
COST,2018-08-27,long,3,230.1,222.15,7.95,232.74,222.15,253.92,233.7,2018-09-27,10.59,0.96,0.0907,WIN,maxhold
COST,2018-11-08,long,5,234.89,223.0104,11.8796,238.51,223.0104,269.5092,223.0104,2018-11-20,15.4996,-15.4996,-1.0,LOSS,stop
COST,2019-05-13,long,5,244.88,238.19,6.69,244.12,238.19,255.98,238.19,2019-05-31,5.93,-5.93,-1.0,LOSS,stop
COST,2019-06-11,long,5,256.6,238.0846,18.5154,258.91,238.0846,300.5608,276.5,2019-07-12,20.8254,17.59,0.8446,WIN,maxhold
COST,2019-08-23,long,5,278.16,268.0,10.16,278.21,268.0,298.63,298.63,2019-08-28,10.21,20.42,2.0,WIN,target
COST,2019-10-02,short,4,289.8099,284.4,5.4099,283.23,289.8099,270.0702,289.8099,2019-10-03,6.5799,-6.5799,-1.0,LOSS,stop
COST,2019-11-08,long,5,301.65,294.55,7.1,302.74,294.55,319.12,294.55,2019-12-02,8.19,-8.19,-1.0,LOSS,stop
COST,2020-01-17,long,5,301.96,290.5,11.46,303.4,290.5,329.2,319.0,2020-02-18,12.9,15.6,1.2093,WIN,maxhold
COST,2020-03-13,short,2,309.73,294.19,15.54,288.83,309.73,247.03,309.73,2020-03-18,20.9,-20.9,-1.0,LOSS,stop
COST,2020-04-20,long,3,314.75,297.66,17.09,317.95,297.66,358.53,297.66,2020-05-14,20.29,-20.29,-1.0,LOSS,stop
COST,2020-06-08,long,5,311.0,302.35,8.65,310.66,302.35,327.28,302.35,2020-06-11,8.31,-8.31,-1.0,LOSS,stop
COST,2020-07-10,long,1,318.05,309.72,8.33,326.0,309.72,358.56,340.71,2020-08-10,16.28,14.71,0.9036,WIN,maxhold
COST,2020-09-03,long,1,351.49,345.41,6.08,363.07,345.41,398.39,345.41,2020-09-04,17.66,-17.66,-1.0,LOSS,stop
COST,2020-09-30,long,5,348.25,331.2,17.05,352.56,331.2,395.28,362.22,2020-11-02,21.36,9.66,0.4522,WIN,maxhold
COST,2020-12-21,short,5,381.0,369.3,11.7,365.09,381.0,333.27,381.0,2021-01-04,15.91,-15.91,-1.0,LOSS,stop
COST,2021-05-10,long,2,382.94,372.05,10.89,385.49,372.05,412.37,372.05,2021-05-12,13.44,-13.44,-1.0,LOSS,stop
COST,2021-06-28,long,5,393.44,379.21,14.23,395.0,379.21,426.58,421.68,2021-07-29,15.79,26.68,1.6897,WIN,maxhold
COST,2021-10-05,short,5,470.49,445.67,24.82,439.58,470.49,377.76,470.49,2021-10-20,30.91,-30.91,-1.0,LOSS,stop
COST,2021-12-30,long,4,566.64,539.8,26.84,569.53,539.8,628.99,539.8,2022-01-07,29.73,-29.73,-1.0,LOSS,stop
COST,2022-03-17,long,5,542.65,515.71,26.94,543.35,515.71,598.63,598.63,2022-04-07,27.64,55.28,2.0,WIN,target
COST,2022-05-02,short,2,570.33,553.31,17.02,532.23,570.33,456.03,456.03,2022-05-18,38.1,76.2,2.0,WIN,target
COST,2022-08-19,long,5,559.97,531.81,28.16,558.65,531.81,612.33,531.81,2022-08-26,26.84,-26.84,-1.0,LOSS,stop
COST,2023-03-01,short,4,505.46,484.7,20.76,481.1,505.46,432.38,496.5,2023-04-03,24.36,-15.4,-0.6322,LOSS,maxhold
COST,2023-04-25,long,5,510.66,491.15,19.51,511.13,491.15,551.09,491.15,2023-05-01,19.98,-19.98,-1.0,LOSS,stop
COST,2023-05-10,long,5,500.2499,485.93,14.3199,501.95,485.93,533.99,485.93,2023-05-23,16.02,-16.02,-1.0,LOSS,stop
COST,2023-06-06,long,5,514.795,476.75,38.045,518.25,476.75,601.25,533.89,2023-07-07,41.5,15.64,0.3769,WIN,maxhold
COST,2023-07-17,long,2,540.11,531.11,9.0,546.18,531.11,576.32,559.47,2023-08-17,15.07,13.29,0.8819,WIN,maxhold
COST,2023-08-25,short,2,549.47,536.3,13.17,532.91,549.47,499.79,549.47,2023-08-31,16.56,-16.56,-1.0,LOSS,stop
COST,2023-10-17,long,5,569.14,549.78,19.36,571.94,549.78,616.26,549.78,2023-10-23,22.16,-22.16,-1.0,LOSS,stop
COST,2023-10-30,short,3,555.99,545.5301,10.4599,545.74,555.99,525.24,555.99,2023-11-01,10.25,-10.25,-1.0,LOSS,stop
COST,2024-05-08,long,3,756.94,720.63,36.31,770.0,720.63,868.74,847.18,2024-06-10,49.37,77.18,1.5633,WIN,maxhold
COST,2024-07-22,short,2,857.8999,841.34,16.5599,845.75,857.8999,821.4502,821.4502,2024-07-25,12.1499,24.2998,2.0,WIN,target
COST,2024-08-16,long,3,870.25,820.45,49.8,877.35,820.45,991.15,922.0,2024-09-16,56.9,44.65,0.7847,WIN,maxhold
COST,2024-10-18,short,5,910.0,885.5001,24.4999,885.76,910.0,837.28,910.0,2024-11-07,24.24,-24.24,-1.0,LOSS,stop
COST,2024-12-31,short,5,974.64,937.0,37.64,923.65,974.64,821.67,974.64,2025-01-30,50.99,-50.99,-1.0,LOSS,stop
COST,2025-03-11,short,4,1050.98,942.78,108.2,931.0,1050.98,691.04,963.96,2025-04-11,119.98,-32.96,-0.2747,LOSS,maxhold
COST,2025-05-05,long,5,1006.3799,962.88,43.4999,1007.505,962.88,1096.755,1050.0,2025-06-05,44.625,42.495,0.9523,WIN,maxhold
COST,2025-06-16,short,5,1020.63,993.375,27.255,992.33,1020.63,935.73,950.36,2025-07-17,28.3,41.97,1.483,WIN,maxhold
COST,2026-03-23,short,5,1012.83,978.14,34.69,985.665,1012.83,931.335,1012.83,2026-04-02,27.165,-27.165,-1.0,LOSS,stop
COST,2026-04-10,long,3,1030.46,1000.0,30.46,1026.51,1000.0,1079.53,1000.0,2026-04-13,26.51,-26.51,-1.0,LOSS,stop
GOOGL,2018-03-23,short,4,57.8405,54.121,3.7195,52.5685,57.8405,42.0245,54.149,2018-04-23,5.272,-1.5805,-0.2998,LOSS,maxhold
GOOGL,2018-07-10,long,5,57.4955,55.3036,2.1919,58.4995,55.3036,64.8913,62.959,2018-08-10,3.1959,4.4595,1.3954,WIN,maxhold
GOOGL,2018-09-07,short,5,63.4745,60.328,3.1465,58.6,63.4745,48.851,58.0,2018-10-08,4.8745,0.6,0.1231,WIN,maxhold
GOOGL,2019-01-22,long,3,55.118,52.4275,2.6905,54.8,52.4275,59.545,55.485,2019-02-22,2.3725,0.685,0.2887,WIN,maxhold
GOOGL,2019-03-05,long,5,57.5,55.335,2.165,57.8,55.335,62.73,60.965,2019-04-05,2.465,3.165,1.284,WIN,maxhold
GOOGL,2019-04-15,long,4,60.6975,59.919,0.7785,61.2045,59.919,63.7755,63.7755,2019-04-26,1.2855,2.571,2.0,WIN,target
GOOGL,2019-09-13,long,5,61.1235,59.6345,1.489,61.6055,59.6345,65.5475,59.6345,2019-10-02,1.971,-1.971,-1.0,LOSS,stop
GOOGL,2019-12-09,long,5,66.399,63.8525,2.5465,66.943,63.8525,73.124,71.0965,2020-01-09,3.0905,4.1535,1.344,WIN,maxhold
GOOGL,2020-06-24,long,5,73.11,69.3598,3.7502,73.164,69.3598,80.7724,69.3598,2020-06-26,3.8042,-3.8042,-1.0,LOSS,stop
GOOGL,2020-07-10,long,5,75.5,67.5825,7.9175,75.6625,67.5825,91.8225,74.54,2020-08-10,8.08,-1.1225,-0.1389,LOSS,maxhold
GOOGL,2020-08-19,long,5,76.8487,73.9095,2.9392,77.6245,73.9095,85.0545,85.0545,2020-09-02,3.715,7.43,2.0,WIN,target
GOOGL,2020-12-23,short,5,89.49,86.5575,2.9325,86.1965,89.49,79.6095,89.49,2021-01-08,3.2935,-3.2935,-1.0,LOSS,stop
GOOGL,2021-01-21,long,5,89.219,85.5855,3.6335,94.6825,85.5855,112.8765,102.68,2021-02-22,9.097,7.9975,0.8791,WIN,maxhold
GOOGL,2021-04-05,long,5,104.313,99.8045,4.5085,107.3575,99.8045,122.4635,115.3165,2021-05-06,7.553,7.959,1.0538,WIN,maxhold
GOOGL,2021-05-27,long,4,118.2775,111.272,7.0055,119.4525,111.272,135.8135,122.6785,2021-06-28,8.1805,3.226,0.3944,WIN,maxhold
GOOGL,2021-07-08,long,5,126.428,121.3545,5.0735,124.026,121.3545,129.369,129.369,2021-07-23,2.6715,5.343,2.0,WIN,target
GOOGL,2021-08-30,long,4,142.1895,135.25,6.9395,144.4,135.25,162.7,135.25,2021-09-29,9.15,-9.15,-1.0,LOSS,stop
GOOGL,2021-12-02,short,5,146.66,141.6015,5.0585,141.25,146.66,130.43,146.66,2021-12-07,5.41,-5.41,-1.0,LOSS,stop
GOOGL,2022-03-29,long,4,141.05,132.2583,8.7917,142.6475,132.2583,163.4259,132.2583,2022-04-11,10.3892,-10.3892,-1.0,LOSS,stop
GOOGL,2022-08-30,short,3,116.72,110.19,6.53,110.17,116.72,97.07,97.07,2022-09-27,6.55,13.1,2.0,WIN,target
GOOGL,2023-03-21,long,5,96.93,89.42,7.51,101.25,89.42,124.91,105.47,2023-04-21,11.83,4.22,0.3567,WIN,maxhold
GOOGL,2023-05-12,long,5,112.94,103.97,8.97,116.68,103.97,142.1,122.785,2023-06-12,12.71,6.105,0.4803,WIN,maxhold
GOOGL,2023-07-27,long,5,125.18,118.22,6.96,131.67,118.22,158.57,131.31,2023-08-28,13.45,-0.36,-0.0268,LOSS,maxhold
GOOGL,2023-09-27,short,1,132.23,130.07,2.16,128.57,132.23,121.25,132.23,2023-09-28,3.66,-3.66,-1.0,LOSS,stop
GOOGL,2024-01-25,long,4,148.39,138.9,9.49,150.065,138.9,172.395,138.9,2024-02-02,11.165,-11.165,-1.0,LOSS,stop
GOOGL,2024-04-30,long,5,159.565,152.3,7.265,165.612,152.3,192.236,171.86,2024-05-31,13.312,6.248,0.4694,WIN,maxhold
GOOGL,2024-06-24,long,5,178.36,174.1042,4.2558,180.16,174.1042,192.2716,174.1042,2024-07-24,6.0558,-6.0558,-1.0,LOSS,stop
GOOGL,2024-10-30,long,5,168.75,161.01,7.74,180.68,161.01,220.02,168.765,2024-12-02,19.67,-11.915,-0.6057,LOSS,maxhold
GOOGL,2025-01-22,long,5,196.52,187.36,9.16,199.06,187.36,222.46,187.36,2025-02-07,11.7,-11.7,-1.0,LOSS,stop
GOOGL,2025-02-12,short,1,188.2,185.86,2.34,183.22,188.2,173.26,173.26,2025-02-26,4.98,9.96,2.0,WIN,target
GOOGL,2025-10-27,long,5,257.33,244.15,13.18,264.815,244.15,306.145,306.145,2025-11-20,20.665,41.33,2.0,WIN,target
GOOGL,2025-11-26,long,2,319.48,293.845,25.635,320.68,293.845,374.35,311.365,2025-12-29,26.835,-9.315,-0.3471,LOSS,maxhold
GOOGL,2026-01-09,long,5,322.5,310.33,12.17,327.09,310.33,360.61,310.33,2026-02-05,16.76,-16.76,-1.0,LOSS,stop
GOOGL,2026-02-17,short,5,330.38,307.2,23.18,300.04,330.38,239.36,305.46,2026-03-20,30.34,-5.42,-0.1786,LOSS,maxhold
IWM,2018-05-10,long,5,157.86,151.71,6.15,158.9,151.71,173.28,166.64,2018-06-11,7.19,7.74,1.0765,WIN,maxhold
IWM,2018-07-10,long,5,168.44,162.48,5.96,169.58,162.48,183.78,167.05,2018-08-10,7.1,-2.53,-0.3563,LOSS,maxhold
IWM,2018-08-21,long,5,168.6,165.15,3.45,169.14,165.15,177.12,171.75,2018-09-21,3.99,2.61,0.6541,WIN,maxhold
IWM,2018-10-02,short,5,170.52,167.45,3.07,166.18,170.52,157.5,157.5,2018-10-10,4.34,8.68,2.0,WIN,target
IWM,2019-04-08,long,5,156.15,150.93,5.22,156.85,150.93,168.69,155.52,2019-05-09,5.92,-1.33,-0.2247,LOSS,maxhold
IWM,2019-07-08,long,2,156.34,154.26,2.08,156.21,154.26,160.11,154.26,2019-07-11,1.95,-1.95,-1.0,LOSS,stop
IWM,2019-11-29,long,5,162.54,157.23,5.31,162.41,157.23,172.77,165.98,2019-12-30,5.18,3.57,0.6892,WIN,maxhold
IWM,2020-01-15,long,5,166.45,164.07,2.38,166.15,164.07,170.31,170.31,2020-01-17,2.08,4.16,2.0,WIN,target
IWM,2020-05-27,long,5,134.98,117.18,17.8,141.57,117.18,190.35,138.71,2020-06-29,24.39,-2.86,-0.1173,LOSS,maxhold
IWM,2020-07-22,long,5,147.78,138.64,9.14,147.09,138.64,163.99,155.86,2020-08-24,8.45,8.77,1.0379,WIN,maxhold
IWM,2020-10-09,long,3,161.01,148.99,12.02,163.35,148.99,192.07,176.95,2020-11-09,14.36,13.6,0.9471,WIN,maxhold
IWM,2021-01-08,long,2,206.78,193.07,13.71,209.32,193.07,241.82,223.79,2021-02-08,16.25,14.47,0.8905,WIN,maxhold
IWM,2021-03-11,long,5,225.96,207.21,18.75,229.55,207.21,274.23,222.72,2021-04-12,22.34,-6.83,-0.3057,LOSS,maxhold
IWM,2021-04-27,long,5,225.678,215.24,10.438,228.71,215.24,255.65,215.24,2021-05-11,13.47,-13.47,-1.0,LOSS,stop
IWM,2021-09-03,long,5,227.35,219.69,7.66,228.25,219.69,245.37,219.69,2021-09-14,8.56,-8.56,-1.0,LOSS,stop
IWM,2021-11-02,long,5,230.72,223.5,7.22,234.38,223.5,256.14,223.5,2021-11-26,10.88,-10.88,-1.0,LOSS,stop
IWM,2022-08-01,long,4,183.25,178.05,5.2,185.79,178.05,201.27,201.27,2022-08-16,7.74,15.48,2.0,WIN,target
IWM,2022-12-12,short,5,189.24,179.08,10.16,178.85,189.24,158.07,183.57,2023-01-12,10.39,-4.72,-0.4543,LOSS,maxhold
IWM,2023-03-10,short,5,191.93,185.12,6.81,180.39,191.93,157.31,173.07,2023-04-10,11.54,7.32,0.6343,WIN,maxhold
IWM,2023-06-07,long,5,177.554,172.36,5.194,184.96,172.36,210.16,184.58,2023-07-10,12.6,-0.38,-0.0302,LOSS,maxhold
IWM,2023-07-14,long,2,193.05,187.69,5.36,193.34,187.69,204.64,189.94,2023-08-14,5.65,-3.4,-0.6018,LOSS,maxhold
IWM,2023-08-17,short,1,189.64,188.035,1.605,186.34,189.64,179.74,189.64,2023-08-31,3.3,-3.3,-1.0,LOSS,stop
IWM,2024-02-16,long,5,203.55,192.71,10.84,202.12,192.71,220.94,202.91,2024-03-18,9.41,0.79,0.084,WIN,maxhold
IWM,2024-03-28,long,5,208.95,199.661,9.289,210.08,199.661,230.918,199.661,2024-04-10,10.419,-10.419,-1.0,LOSS,stop
IWM,2024-04-18,short,3,202.91,194.98,7.93,193.7,202.91,175.28,202.91,2024-05-03,9.21,-9.21,-1.0,LOSS,stop
IWM,2024-06-10,short,5,207.555,201.65,5.905,199.52,207.555,183.45,207.9,2024-07-11,8.035,-8.38,-1.0429,LOSS,maxhold
IWM,2024-09-18,long,2,218.285,213.94,4.345,219.23,213.94,229.81,225.63,2024-10-21,5.29,6.4,1.2098,WIN,maxhold
IWM,2024-11-07,long,3,224.29,217.8401,6.4499,236.89,217.8401,274.9898,240.55,2024-12-09,19.0499,3.66,0.1921,WIN,maxhold
IWM,2025-07-02,long,5,217.405,206.81,10.595,218.37,206.81,241.49,216.55,2025-08-04,11.56,-1.82,-0.1574,LOSS,maxhold
IWM,2025-08-14,long,5,222.84,218.235,4.605,228.44,218.235,248.85,239.23,2025-09-15,10.205,10.79,1.0573,WIN,maxhold
IWM,2026-01-12,long,3,258.93,251.52,7.41,259.28,251.52,274.8,267.02,2026-02-12,7.76,7.74,0.9974,WIN,maxhold
IWM,2026-03-09,short,5,266.235,253.31,12.925,247.59,266.235,210.3,258.78,2026-04-09,18.645,-11.19,-0.6002,LOSS,maxhold
JNJ,2018-07-13,long,4,127.52,123.23,4.29,125.32,123.23,129.5,129.5,2018-07-17,2.09,4.18,2.0,WIN,target
JNJ,2018-10-15,short,5,140.46,137.32,3.14,133.88,140.46,120.72,140.46,2018-10-30,6.58,-6.58,-1.0,LOSS,stop
JNJ,2018-11-08,long,4,142.74,139.61,3.13,144.31,139.61,153.71,145.39,2018-12-10,4.7,1.08,0.2298,WIN,maxhold
JNJ,2018-12-18,short,4,148.5899,130.2,18.3899,132.05,148.5899,98.9702,129.9,2019-01-18,16.5399,2.15,0.13,WIN,maxhold
JNJ,2019-03-04,long,1,137.9549,135.69,2.2649,138.85,135.69,145.17,136.87,2019-04-04,3.16,-1.98,-0.6266,LOSS,maxhold
JNJ,2019-05-02,long,1,141.45,138.9599,2.4901,141.91,138.9599,147.8102,138.9599,2019-05-09,2.9501,-2.9501,-1.0,LOSS,stop
JNJ,2019-07-16,short,5,142.47,139.02,3.45,132.93,142.47,113.85,131.47,2019-08-16,9.54,1.46,0.153,WIN,maxhold
JNJ,2019-11-21,long,3,135.69,130.78,4.91,135.94,130.78,146.26,146.26,2019-12-20,5.16,10.32,2.0,WIN,target
JNJ,2020-01-21,long,5,148.84,144.72,4.12,148.58,144.72,156.3,148.09,2020-02-21,3.86,-0.49,-0.1269,LOSS,maxhold
JNJ,2020-02-26,short,1,149.0,145.25,3.75,145.35,149.0,138.05,138.05,2020-02-28,3.65,7.3,2.0,WIN,target
JNJ,2020-05-19,long,5,150.48,144.257,6.223,150.1,144.257,161.786,144.257,2020-05-22,5.843,-5.843,-1.0,LOSS,stop
JNJ,2020-09-23,short,5,150.59,146.05,4.54,147.48,150.59,141.26,150.59,2020-10-09,3.11,-3.11,-1.0,LOSS,stop
JNJ,2021-01-04,long,1,156.38,154.6,1.78,157.24,154.6,162.52,162.52,2021-01-19,2.64,5.28,2.0,WIN,target
JNJ,2021-03-04,short,3,162.41,157.97,4.44,155.99,162.41,143.15,162.41,2021-03-24,6.42,-6.42,-1.0,LOSS,stop
JNJ,2021-03-30,long,2,165.1,160.64,4.46,165.02,160.64,173.78,160.64,2021-04-09,4.38,-4.38,-1.0,LOSS,stop
JNJ,2021-04-22,long,5,162.51,156.53,5.98,165.836,156.53,184.448,170.9,2021-05-24,9.306,5.064,0.5442,WIN,maxhold
JNJ,2021-06-08,short,5,171.005,165.11,5.895,165.28,171.005,153.83,169.37,2021-07-09,5.725,-4.09,-0.7144,LOSS,maxhold
JNJ,2022-01-21,short,5,173.69,167.15,6.54,166.19,173.69,151.19,163.575,2022-02-22,7.5,2.615,0.3487,WIN,maxhold
JNJ,2022-05-20,short,3,179.7,175.17,4.53,174.85,179.7,165.15,179.7,2022-05-23,4.85,-4.85,-1.0,LOSS,stop
JNJ,2022-10-27,long,4,172.08,164.33,7.75,172.35,164.33,188.39,176.75,2022-11-28,8.02,4.4,0.5486,WIN,maxhold
JNJ,2022-12-01,long,1,177.26,174.66,2.6,179.0,174.66,187.68,174.66,2022-12-19,4.34,-4.34,-1.0,LOSS,stop
JNJ,2023-01-13,short,5,180.93,175.175,5.755,173.19,180.93,157.71,161.33,2023-02-13,7.74,11.86,1.5323,WIN,maxhold
JNJ,2023-05-15,short,5,166.18,160.79,5.39,160.8,166.18,150.04,162.05,2023-06-15,5.38,-1.25,-0.2323,LOSS,maxhold
JNJ,2024-01-03,long,5,157.24,154.85,2.39,160.64,154.85,172.22,156.61,2024-02-05,5.79,-4.03,-0.696,LOSS,maxhold
JNJ,2024-07-19,long,1,151.08,149.16,1.92,156.51,149.16,171.21,159.46,2024-08-19,7.35,2.95,0.4014,WIN,maxhold
JNJ,2024-09-27,short,5,168.35,162.72,5.63,162.0,168.35,149.3,161.13,2024-10-28,6.35,0.87,0.137,WIN,maxhold
JNJ,2025-09-29,long,5,178.51,173.33,5.18,179.825,173.33,192.815,192.815,2025-10-14,6.495,12.99,2.0,WIN,target
JNJ,2025-11-17,long,4,195.545,185.12,10.425,196.96,185.12,220.64,209.8,2025-12-18,11.84,12.84,1.0845,WIN,maxhold
JNJ,2026-01-15,long,5,214.39,203.85,10.54,218.23,203.85,246.99,244.13,2026-02-17,14.38,25.9,1.8011,WIN,maxhold
JNJ,2026-04-21,short,5,244.2,233.25,10.95,229.35,244.2,199.65,226.1,2026-04-22,14.85,3.25,0.2189,WIN,maxhold
JPM,2018-02-16,long,5,114.45,106.2299,8.2201,114.55,106.2299,131.1902,115.1,2018-03-19,8.3201,0.55,0.0661,WIN,maxhold
JPM,2018-03-26,short,3,116.63,109.54,7.09,109.19,116.63,94.31,109.97,2018-04-26,7.44,-0.78,-0.1048,LOSS,maxhold
JPM,2018-09-21,long,5,114.88,112.67,2.21,119.13,112.67,132.05,112.67,2018-09-28,6.46,-6.46,-1.0,LOSS,stop
JPM,2018-10-12,short,4,116.1,111.47,4.63,110.37,116.1,98.91,111.42,2018-11-12,5.73,-1.05,-0.1832,LOSS,maxhold
JPM,2019-03-15,long,5,104.79,101.99,2.8,105.41,101.99,112.25,101.99,2019-03-22,3.42,-3.42,-1.0,LOSS,stop
JPM,2019-08-07,short,5,117.18,111.4,5.78,108.0,117.18,89.64,113.71,2019-09-09,9.18,-5.71,-0.622,LOSS,maxhold
JPM,2020-01-28,short,5,138.285,132.32,5.965,132.84,138.285,121.95,138.285,2020-02-06,5.445,-5.445,-1.0,LOSS,stop
JPM,2020-02-26,short,5,138.39,130.7988,7.5912,126.93,138.39,104.01,104.01,2020-03-09,11.46,22.92,2.0,WIN,target
JPM,2020-08-11,long,5,99.49,95.03,4.46,103.86,95.03,121.52,99.97,2020-09-11,8.83,-3.89,-0.4405,LOSS,maxhold
JPM,2020-09-22,short,5,103.46,97.44,6.02,94.96,103.46,77.96,103.5,2020-10-23,8.5,-8.54,-1.0047,LOSS,maxhold
JPM,2020-11-10,long,2,105.1,101.0,4.1,117.35,101.0,150.05,118.94,2020-12-11,16.35,1.59,0.0972,WIN,maxhold
JPM,2020-12-24,long,5,125.0,118.27,6.73,125.09,118.27,138.73,138.73,2021-01-12,6.82,13.64,2.0,WIN,target
JPM,2021-05-07,long,4,158.28,152.14,6.14,157.22,152.14,167.38,167.38,2021-06-02,5.08,10.16,2.0,WIN,target
JPM,2021-08-13,long,5,158.55,149.52,9.03,161.79,149.52,186.33,158.53,2021-09-13,12.27,-3.26,-0.2657,LOSS,maxhold
JPM,2021-11-22,short,5,167.785,162.56,5.225,164.16,167.785,156.91,167.785,2021-11-23,3.625,-3.625,-1.0,LOSS,stop
JPM,2022-08-17,long,1,122.25,119.44,2.81,122.3,119.44,128.02,119.44,2022-08-19,2.86,-2.86,-1.0,LOSS,stop
JPM,2023-01-09,long,5,136.74,130.55,6.19,138.6,130.55,154.7,143.12,2023-02-09,8.05,4.52,0.5615,WIN,maxhold
JPM,2023-06-05,long,5,137.72,134.4044,3.3156,140.11,134.4044,151.5212,143.02,2023-07-06,5.7056,2.91,0.51,WIN,maxhold
JPM,2023-07-12,long,2,145.99,143.0,2.99,147.45,143.0,156.35,156.35,2023-07-20,4.45,8.9,2.0,WIN,target
JPM,2023-08-18,short,5,155.44,149.68,5.76,147.65,155.44,132.07,148.16,2023-09-18,7.79,-0.51,-0.0655,LOSS,maxhold
JPM,2024-01-26,long,5,171.9803,164.3,7.6803,172.61,164.3,189.23,183.75,2024-02-26,8.31,11.14,1.3406,WIN,maxhold
JPM,2024-06-14,short,5,201.98,195.33,6.65,191.45,201.98,170.39,201.98,2024-06-28,10.53,-10.53,-1.0,LOSS,stop
JPM,2024-07-03,long,1,207.09,202.66,4.43,209.55,202.66,223.33,202.66,2024-07-12,6.89,-6.89,-1.0,LOSS,stop
JPM,2024-10-18,long,1,223.7,218.88,4.82,225.0,218.88,237.24,237.24,2024-11-06,6.12,12.24,2.0,WIN,target
JPM,2024-12-19,short,1,239.02,236.63,2.39,232.27,239.02,218.77,239.02,2024-12-20,6.75,-6.75,-1.0,LOSS,stop
JPM,2025-01-17,long,2,253.6699,242.19,11.4799,254.14,242.19,278.04,278.04,2025-02-07,11.95,23.9,2.0,WIN,target
JPM,2025-06-25,long,3,278.55,269.72,8.83,281.5,269.72,305.06,297.66,2025-07-28,11.78,16.16,1.3718,WIN,maxhold
JPM,2025-09-05,long,5,302.95,293.5001,9.4499,303.65,293.5001,323.9498,293.5001,2025-09-08,10.1499,-10.1499,-1.0,LOSS,stop
JPM,2025-09-16,long,4,307.55,292.31,15.24,310.0,292.31,345.38,299.16,2025-10-17,17.69,-10.84,-0.6128,LOSS,maxhold
JPM,2025-11-07,long,5,312.87,303.01,9.86,311.89,303.01,329.65,303.01,2025-11-14,8.88,-8.88,-1.0,LOSS,stop
JPM,2026-01-16,short,2,326.86,310.572,16.288,310.35,326.86,277.33,302.76,2026-02-17,16.51,7.59,0.4597,WIN,maxhold
LLY,2018-05-14,long,5,79.39,77.09,2.3,82.6,77.09,93.62,85.67,2018-06-14,5.51,3.07,0.5572,WIN,maxhold
LLY,2018-07-05,long,5,86.1,84.64,1.46,86.91,84.64,91.45,91.45,2018-07-24,2.27,4.54,2.0,WIN,target
LLY,2018-12-19,short,5,115.78,111.02,4.76,111.54,115.78,103.06,115.78,2018-12-31,4.24,-4.24,-1.0,LOSS,stop
LLY,2019-01-10,long,2,116.44,112.05,4.39,117.09,112.05,127.17,119.2,2019-02-11,5.04,2.11,0.4187,WIN,maxhold
LLY,2019-02-25,long,5,123.33,117.5,5.83,124.1,117.5,137.3,129.34,2019-03-28,6.6,5.24,0.7939,WIN,maxhold
LLY,2019-04-17,short,3,127.32,123.02,4.3,120.0,127.32,105.36,115.87,2019-05-20,7.32,4.13,0.5642,WIN,maxhold
LLY,2019-09-05,long,5,112.88,108.88,4.0,113.96,108.88,124.12,108.88,2019-09-10,5.08,-5.08,-1.0,LOSS,stop
LLY,2019-09-23,long,5,112.42,109.21,3.21,116.0,109.21,129.58,109.21,2019-10-02,6.79,-6.79,-1.0,LOSS,stop
LLY,2019-11-25,long,5,116.12,111.33,4.79,116.6,111.33,127.14,127.14,2019-12-18,5.27,10.54,2.0,WIN,target
LLY,2020-03-23,short,5,144.0,128.2514,15.7486,120.95,144.0,74.85,144.0,2020-04-03,23.05,-23.05,-1.0,LOSS,stop
LLY,2020-05-28,short,5,159.13,147.16,11.97,147.43,159.13,124.03,159.13,2020-06-16,11.7,-11.7,-1.0,LOSS,stop
LLY,2020-08-03,short,4,165.41,150.45,14.96,152.8,165.41,127.58,152.19,2020-09-03,12.61,0.61,0.0484,WIN,maxhold
LLY,2020-12-10,long,5,150.14,143.13,7.01,159.87,143.13,193.35,185.0,2021-01-11,16.74,25.13,1.5012,WIN,maxhold
LLY,2021-03-18,short,5,208.4599,187.23,21.2299,186.02,208.4599,141.1402,189.24,2021-04-19,22.4399,-3.22,-0.1435,LOSS,maxhold
LLY,2021-06-08,long,3,204.45,198.25,6.2,221.71,198.25,268.63,237.17,2021-07-09,23.46,15.46,0.659,WIN,maxhold
LLY,2021-07-29,long,2,245.28,238.56,6.72,247.5,238.56,265.38,265.38,2021-08-04,8.94,17.88,2.0,WIN,target
LLY,2021-09-10,short,5,263.635,254.41,9.225,242.2,263.635,199.33,236.7,2021-10-11,21.435,5.5,0.2566,WIN,maxhold
LLY,2021-12-06,short,5,265.88,246.48,19.4,245.92,265.88,206.0,265.88,2021-12-15,19.96,-19.96,-1.0,LOSS,stop
LLY,2022-05-31,long,5,313.91,288.92,24.99,316.63,288.92,372.05,288.92,2022-06-13,27.71,-27.71,-1.0,LOSS,stop
LLY,2022-06-27,long,1,309.65,296.43,13.22,324.23,296.43,379.83,330.24,2022-07-28,27.8,6.01,0.2162,WIN,maxhold
LLY,2022-08-08,short,5,331.06,302.24,28.82,300.65,331.06,239.83,311.95,2022-09-08,30.41,-11.3,-0.3716,LOSS,maxhold
LLY,2022-10-03,long,5,315.18,296.32,18.86,325.99,296.32,385.33,354.06,2022-11-03,29.67,28.07,0.9461,WIN,maxhold
LLY,2022-11-28,long,5,364.67,346.355,18.315,363.45,346.355,397.64,368.1,2022-12-29,17.095,4.65,0.272,WIN,maxhold
LLY,2023-01-10,short,5,369.0,352.96,16.04,349.0,369.0,309.0,343.27,2023-02-10,20.0,5.73,0.2865,WIN,maxhold
LLY,2023-08-10,long,5,461.64,446.89,14.75,523.47,446.89,676.63,587.15,2023-09-11,76.58,63.68,0.8315,WIN,maxhold
LLY,2024-01-05,long,5,586.69,567.42,19.27,614.0,567.42,707.16,691.02,2024-02-05,46.58,77.02,1.6535,WIN,maxhold
LLY,2024-04-22,short,5,771.83,743.0,28.83,729.74,771.83,645.56,771.83,2024-04-30,42.09,-42.09,-1.0,LOSS,stop
LLY,2024-05-16,long,2,764.5,750.53,13.97,784.71,750.53,853.07,853.07,2024-06-07,34.18,68.36,2.0,WIN,target
LLY,2024-09-30,short,5,939.86,903.86,36.0,864.52,939.86,713.84,836.51,2024-10-31,75.34,28.01,0.3718,WIN,maxhold
LLY,2025-03-13,short,1,908.0,861.39,46.61,818.24,908.0,638.72,750.45,2025-04-14,89.76,67.79,0.7552,WIN,maxhold
LLY,2025-07-14,long,5,792.69,762.03,30.66,790.0,762.03,845.94,762.03,2025-07-17,27.97,-27.97,-1.0,LOSS,stop
LLY,2025-07-28,long,5,810.14,760.5,49.64,812.65,760.5,916.95,760.5,2025-07-29,52.15,-52.15,-1.0,LOSS,stop
LLY,2025-10-06,long,1,833.3,763.3,70.0,839.95,763.3,993.25,928.0,2025-11-06,76.65,88.05,1.1487,WIN,maxhold
MA,2018-02-16,long,5,172.61,158.565,14.045,174.35,158.565,205.92,181.79,2018-03-19,15.785,7.44,0.4713,WIN,maxhold
MA,2018-03-29,short,5,183.5,171.66,11.84,171.72,183.5,148.16,177.49,2018-04-30,11.78,-5.77,-0.4898,LOSS,maxhold
MA,2018-05-08,long,3,188.25,176.91,11.34,188.89,176.91,212.85,199.2,2018-06-08,11.98,10.31,0.8606,WIN,maxhold
MA,2018-07-09,long,5,198.58,193.16,5.42,200.8,193.16,216.08,203.19,2018-08-09,7.64,2.39,0.3128,WIN,maxhold
MA,2018-08-29,long,4,211.75,202.25,9.5,212.5,202.25,233.0,224.84,2018-10-01,10.25,12.34,1.2039,WIN,maxhold
MA,2019-03-22,long,1,231.94,227.84,4.1,234.84,227.84,248.84,239.8,2019-04-22,7.0,4.96,0.7086,WIN,maxhold
MA,2019-05-22,long,5,255.15,240.364,14.786,254.75,240.364,283.522,240.364,2019-06-03,14.386,-14.386,-1.0,LOSS,stop
MA,2019-07-10,long,4,273.08,266.4345,6.6455,274.17,266.4345,289.641,266.4345,2019-07-31,7.7355,-7.7355,-1.0,LOSS,stop
MA,2019-08-21,long,4,275.96,265.85,10.11,279.64,265.85,307.22,270.3,2019-09-23,13.79,-9.34,-0.6773,LOSS,maxhold
MA,2019-11-18,long,5,280.46,269.86,10.6,280.0,269.86,300.28,294.49,2019-12-19,10.14,14.49,1.429,WIN,maxhold
MA,2020-02-14,long,2,335.52,325.51,10.01,337.46,325.51,361.36,325.51,2020-02-24,11.95,-11.95,-1.0,LOSS,stop
MA,2020-05-19,long,1,279.14,273.29,5.85,289.17,273.29,320.93,309.5,2020-06-19,15.88,20.33,1.2802,WIN,maxhold
MA,2020-07-14,short,5,307.79,290.56,17.23,292.0,307.79,260.42,307.79,2020-07-20,15.79,-15.79,-1.0,LOSS,stop
MA,2020-08-06,long,3,315.69,305.6101,10.0799,327.4,305.6101,370.9798,328.76,2020-09-08,21.7899,1.36,0.0624,WIN,maxhold
MA,2020-10-12,long,5,346.7,336.01,10.69,355.0,336.01,392.98,336.01,2020-10-15,18.99,-18.99,-1.0,LOSS,stop
MA,2020-10-27,short,5,344.9787,329.25,15.7287,318.9,344.9787,266.7426,344.9787,2020-11-09,26.0787,-26.0787,-1.0,LOSS,stop
MA,2021-02-25,long,1,354.28,338.41,15.87,364.56,338.41,416.86,364.24,2021-03-29,26.15,-0.32,-0.0122,LOSS,maxhold
MA,2021-07-14,long,5,378.235,365.65,12.585,382.98,365.65,417.64,365.65,2021-07-19,17.33,-17.33,-1.0,LOSS,stop
MA,2022-01-26,short,5,377.68,359.71,17.97,343.36,377.68,274.72,377.68,2022-01-28,34.32,-34.32,-1.0,LOSS,stop
MA,2022-02-03,long,2,395.5,376.29,19.21,388.54,376.29,413.04,376.29,2022-02-07,12.25,-12.25,-1.0,LOSS,stop
MA,2022-04-20,long,5,362.95,342.87,20.08,366.66,342.87,414.24,342.87,2022-05-06,23.79,-23.79,-1.0,LOSS,stop
MA,2022-08-30,short,4,345.64,331.7,13.94,331.0,345.64,301.72,301.72,2022-09-22,14.64,29.28,2.0,WIN,target
MA,2023-01-12,long,4,375.0,349.69,25.31,377.86,349.69,434.2,349.69,2023-01-24,28.17,-28.17,-1.0,LOSS,stop
MA,2023-02-23,short,5,373.41,355.19,18.22,357.74,373.41,326.4,355.57,2023-03-27,15.67,2.17,0.1385,WIN,maxhold
MA,2023-04-14,long,1,368.6,361.025,7.575,370.0,361.025,387.95,361.025,2023-04-27,8.975,-8.975,-1.0,LOSS,stop
MA,2023-05-08,long,5,382.455,370.94,11.515,384.01,370.94,410.15,370.94,2023-05-23,13.07,-13.07,-1.0,LOSS,stop
MA,2023-08-29,long,5,404.0,388.83,15.17,407.42,388.83,444.6,402.03,2023-09-29,18.59,-5.39,-0.2899,LOSS,maxhold
MA,2024-01-23,long,2,437.07,427.45,9.62,440.27,427.45,465.91,465.91,2024-02-15,12.82,25.64,2.0,WIN,target
MA,2024-04-16,short,5,479.68,464.19,15.49,460.0,479.68,420.64,460.45,2024-05-17,19.68,-0.45,-0.0229,LOSS,maxhold
MA,2024-10-17,long,5,508.79,491.53,17.26,516.29,491.53,565.81,518.59,2024-11-18,24.76,2.3,0.0929,WIN,maxhold
MA,2025-01-07,short,5,537.7,517.66,20.04,513.68,537.7,465.64,537.7,2025-01-27,24.02,-24.02,-1.0,LOSS,stop
MA,2025-03-12,short,2,550.375,532.02,18.355,530.51,550.375,490.78,550.375,2025-03-26,19.865,-19.865,-1.0,LOSS,stop
MA,2025-06-23,short,4,590.67,552.5101,38.1599,531.42,590.67,412.92,562.0,2025-07-24,59.25,-30.58,-0.5161,LOSS,maxhold
MA,2025-08-15,long,5,578.32,553.855,24.465,585.0,553.855,647.29,582.73,2025-09-15,31.145,-2.27,-0.0729,LOSS,maxhold
MA,2025-09-25,short,5,601.6199,576.83,24.7899,565.0,601.6199,491.7602,575.72,2025-10-27,36.6199,-10.72,-0.2927,LOSS,maxhold
META,2021-12-06,short,1,15.76,15.32,0.44,15.125,15.76,13.855,15.76,2021-12-07,0.635,-0.635,-1.0,LOSS,stop
META,2022-07-20,long,5,167.49,157.2801,10.2099,177.485,157.2801,217.8948,157.2801,2022-07-28,20.2049,-20.2049,-1.0,LOSS,stop
META,2023-01-11,long,4,130.33,122.28,8.05,130.96,122.28,148.32,148.32,2023-01-27,8.68,17.36,2.0,WIN,target
META,2023-03-16,long,2,194.32,174.82,19.5,198.26,174.82,245.14,219.79,2023-04-17,23.44,21.53,0.9185,WIN,maxhold
META,2023-05-02,long,2,241.685,208.88,32.805,243.18,208.88,311.78,272.66,2023-06-02,34.3,29.48,0.8595,WIN,maxhold
META,2023-09-15,long,5,309.04,292.22,16.82,311.61,292.22,350.39,292.22,2023-09-27,19.39,-19.39,-1.0,LOSS,stop
META,2023-10-09,long,5,310.64,296.7,13.94,312.5,296.7,344.1,296.7,2023-10-26,15.8,-15.8,-1.0,LOSS,stop
META,2023-12-19,long,5,338.37,317.77,20.6,345.58,317.77,401.2,379.0,2024-01-19,27.81,33.42,1.2017,WIN,maxhold
META,2024-03-21,long,5,502.31,476.0,26.31,514.71,476.0,592.13,476.0,2024-04-19,38.71,-38.71,-1.0,LOSS,stop
META,2024-06-11,long,5,496.65,454.4601,42.1899,500.16,454.4601,591.5598,497.755,2024-07-12,45.6999,-2.405,-0.0526,LOSS,maxhold
META,2024-07-18,short,2,506.6799,485.79,20.8899,475.0,506.6799,411.6402,506.6799,2024-08-01,31.6799,-31.6799,-1.0,LOSS,stop
META,2024-08-14,long,4,518.34,486.86,31.48,528.06,486.86,610.46,524.54,2024-09-16,41.2,-3.52,-0.0854,LOSS,maxhold
META,2024-09-24,long,3,562.07,530.57,31.5,566.68,530.57,638.9,573.935,2024-10-25,36.11,7.255,0.2009,WIN,maxhold
META,2024-11-19,short,5,599.66,575.17,24.49,551.86,599.66,456.26,599.66,2024-12-03,47.8,-47.8,-1.0,LOSS,stop
META,2025-01-24,long,5,624.97,588.55,36.42,636.4,588.55,732.1,732.1,2025-02-14,47.85,95.7,2.0,WIN,target
META,2025-10-01,short,5,770.6,737.3532,33.2468,721.49,770.6,623.27,656.0,2025-11-03,49.11,65.49,1.3335,WIN,maxhold
MSFT,2018-04-17,long,5,93.29,89.48,3.81,95.0,89.48,106.04,96.01,2018-05-18,5.52,1.01,0.183,WIN,maxhold
MSFT,2018-06-06,long,2,101.86,99.17,2.69,102.48,99.17,109.1,99.17,2018-06-25,3.31,-3.31,-1.0,LOSS,stop
MSFT,2018-07-16,long,4,104.41,101.1,3.31,105.4,101.1,114.0,108.3,2018-08-16,4.3,2.9,0.6744,WIN,maxhold
MSFT,2018-08-27,long,5,108.18,105.78,2.4,109.27,105.78,116.25,114.78,2018-09-27,3.49,5.51,1.5788,WIN,maxhold
MSFT,2019-02-19,long,5,107.78,104.2603,3.5197,107.79,104.2603,114.8494,114.8494,2019-03-13,3.5297,7.0594,2.0,WIN,target
MSFT,2019-04-18,long,3,121.65,120.1,1.55,122.19,120.1,126.37,126.37,2019-04-25,2.09,4.18,2.0,WIN,target
MSFT,2019-07-25,long,5,140.67,134.67,6.0,140.43,134.67,151.95,134.67,2019-08-05,5.76,-5.76,-1.0,LOSS,stop
MSFT,2019-09-06,long,5,139.18,133.55,5.63,140.03,133.55,152.99,133.55,2019-10-03,6.48,-6.48,-1.0,LOSS,stop
MSFT,2019-10-14,long,5,139.6699,135.62,4.0499,139.69,135.62,147.83,135.62,2019-10-23,4.07,-4.07,-1.0,LOSS,stop
MSFT,2020-05-11,long,3,184.55,179.9,4.65,183.15,179.9,189.65,179.9,2020-05-13,3.25,-3.25,-1.0,LOSS,stop
MSFT,2020-06-04,long,5,185.0,176.6,8.4,184.3,176.6,199.7,199.7,2020-06-22,7.7,15.4,2.0,WIN,target
MSFT,2020-08-24,long,5,212.36,204.75,7.61,214.79,204.75,234.87,204.75,2020-09-08,10.04,-10.04,-1.0,LOSS,stop
MSFT,2020-10-14,long,5,211.19,204.82,6.37,223.0,204.82,259.36,204.82,2020-10-28,18.18,-18.18,-1.0,LOSS,stop
MSFT,2020-11-02,short,1,207.36,203.37,3.99,204.29,207.36,198.15,207.36,2020-11-03,3.07,-3.07,-1.0,LOSS,stop
MSFT,2020-12-22,long,5,220.89,212.24,8.65,222.69,212.24,243.59,212.24,2021-01-06,10.45,-10.45,-1.0,LOSS,stop
MSFT,2021-01-15,short,5,220.58,213.3202,7.2598,213.52,220.58,199.4,220.58,2021-01-20,7.06,-7.06,-1.0,LOSS,stop
MSFT,2021-01-27,long,2,230.07,222.42,7.65,238.0,222.42,269.16,235.9,2021-03-01,15.58,-2.1,-0.1348,LOSS,maxhold
MSFT,2021-03-04,short,1,237.3,233.45,3.85,226.735,237.3,205.605,237.3,2021-03-11,10.565,-10.565,-1.0,LOSS,stop
MSFT,2021-04-06,long,5,242.84,231.1,11.74,247.61,231.1,280.63,252.15,2021-05-07,16.51,4.54,0.275,WIN,maxhold
MSFT,2021-06-04,short,5,252.94,245.84,7.1,247.76,252.94,237.4,252.94,2021-06-07,5.18,-5.18,-1.0,LOSS,stop
MSFT,2021-06-11,long,2,256.01,252.51,3.5,257.985,252.51,268.935,268.935,2021-06-29,5.475,10.95,2.0,WIN,target
MSFT,2021-08-16,long,3,289.97,285.2,4.77,293.19,285.2,309.17,303.76,2021-09-16,7.99,10.57,1.3229,WIN,maxhold
MSFT,2021-09-29,short,5,304.5,289.52,14.98,285.1,304.5,246.3,304.5,2021-10-18,19.4,-19.4,-1.0,LOSS,stop
MSFT,2021-12-07,short,5,339.28,328.12,11.16,331.64,339.28,316.36,339.28,2021-12-10,7.64,-7.64,-1.0,LOSS,stop
MSFT,2022-08-04,long,4,282.0,249.57,32.43,281.8,249.57,346.26,256.2,2022-09-06,32.23,-25.6,-0.7943,LOSS,maxhold
MSFT,2023-05-30,long,1,326.9,320.0,6.9,335.23,320.0,365.69,337.75,2023-06-30,15.23,2.52,0.1655,WIN,maxhold
MSFT,2023-08-03,short,5,344.67,329.05,15.62,326.0,344.67,288.66,329.0,2023-09-05,18.67,-3.0,-0.1607,LOSS,maxhold
MSFT,2023-09-15,long,5,338.42,329.03,9.39,336.92,329.03,352.7,329.03,2023-09-18,7.89,-7.89,-1.0,LOSS,stop
MSFT,2023-11-03,long,5,347.42,326.94,20.48,349.63,326.94,395.01,369.1,2023-12-04,22.69,19.47,0.8581,WIN,maxhold
MSFT,2024-01-11,long,5,377.16,366.5,10.66,386.0,366.5,425.0,420.555,2024-02-12,19.5,34.555,1.7721,WIN,maxhold
MSFT,2024-04-22,short,2,418.88,403.95,14.93,400.08,418.88,362.48,418.88,2024-05-15,18.8,-18.8,-1.0,LOSS,stop
MSFT,2024-06-12,long,5,428.08,409.675,18.405,435.32,409.675,486.61,453.3,2024-07-15,25.645,17.98,0.7011,WIN,maxhold
MSFT,2024-12-05,long,5,433.0,414.85,18.15,437.92,414.85,484.06,414.85,2025-01-02,23.07,-23.07,-1.0,LOSS,stop
MSFT,2025-02-04,short,1,422.86,413.16,9.7,412.685,422.86,392.335,392.335,2025-02-27,10.175,20.35,2.0,WIN,target
MSFT,2025-08-22,short,5,532.7,508.55,24.15,504.25,532.7,447.35,515.59,2025-09-22,28.45,-11.34,-0.3986,LOSS,maxhold
MSFT,2025-10-01,long,5,516.845,505.04,11.805,514.8,505.04,534.32,534.32,2025-10-27,9.76,19.52,2.0,WIN,target
MSFT,2025-11-07,short,3,524.96,506.575,18.385,496.945,524.96,440.915,484.885,2025-12-08,28.015,12.06,0.4305,WIN,maxhold
NFLX,2018-02-26,long,1,28.45,27.445,1.005,28.875,27.445,31.735,31.735,2018-03-06,1.43,2.86,2.0,WIN,target
NFLX,2018-05-24,long,3,33.188,32.28,0.908,34.434,32.28,38.742,38.742,2018-06-14,2.154,4.308,2.0,WIN,target
NFLX,2018-09-27,long,5,37.761,35.433,2.328,37.987,35.433,43.095,35.433,2018-10-05,2.554,-2.554,-1.0,LOSS,stop
NFLX,2019-05-14,short,2,36.5258,35.275,1.2508,34.871,36.5258,31.5614,36.5258,2019-05-22,1.6548,-1.6548,-1.0,LOSS,stop
NFLX,2019-06-28,long,1,36.679,36.16,0.519,37.026,36.16,38.758,36.16,2019-07-18,0.866,-0.866,-1.0,LOSS,stop
NFLX,2019-11-19,long,5,29.636,28.114,1.522,30.401,28.114,34.975,33.5,2019-12-20,2.287,3.099,1.3551,WIN,maxhold
NFLX,2020-01-27,long,5,34.988,32.36,2.628,34.595,32.36,39.065,39.065,2020-02-19,2.235,4.47,2.0,WIN,target
NFLX,2020-03-17,short,3,36.298,30.732,5.566,30.619,36.298,19.261,36.298,2020-03-23,5.679,-5.679,-1.0,LOSS,stop
NFLX,2020-05-18,long,5,45.238,42.727,2.511,45.116,42.727,49.894,42.727,2020-05-22,2.389,-2.389,-1.0,LOSS,stop
NFLX,2020-06-23,long,3,45.397,43.922,1.475,46.65,43.922,52.106,43.922,2020-06-29,2.728,-2.728,-1.0,LOSS,stop
NFLX,2020-10-12,long,4,53.649,50.17,3.479,54.881,50.17,64.303,50.17,2020-10-21,4.711,-4.711,-1.0,LOSS,stop
NFLX,2020-12-17,long,5,52.416,49.129,3.287,52.9,49.129,60.442,49.129,2021-01-12,3.771,-3.771,-1.0,LOSS,stop
NFLX,2021-01-22,long,4,51.45,49.301,2.149,58.21,49.301,76.028,53.499,2021-02-22,8.909,-4.711,-0.5288,LOSS,maxhold
NFLX,2021-03-05,short,5,55.685,51.828,3.857,51.198,55.685,42.224,54.001,2021-04-05,4.487,-2.803,-0.6247,LOSS,maxhold
NFLX,2021-06-30,long,3,53.306,50.82,2.486,53.4055,50.82,58.5765,50.82,2021-07-21,2.5855,-2.5855,-1.0,LOSS,stop
NFLX,2021-08-23,long,5,52.638,50.7201,1.9179,54.598,50.7201,62.3538,59.079,2021-09-23,3.8779,4.481,1.1555,WIN,maxhold
NFLX,2021-10-06,long,5,61.9,57.693,4.207,62.818,57.693,73.068,65.029,2021-11-08,5.125,2.211,0.4314,WIN,maxhold
NFLX,2021-12-03,short,1,65.452,61.707,3.745,62.275,65.452,55.921,60.561,2022-01-03,3.177,1.714,0.5395,WIN,maxhold
NFLX,2022-09-07,short,2,23.3881,21.947,1.4411,22.021,23.3881,19.2868,23.3881,2022-09-09,1.3671,-1.3671,-1.0,LOSS,stop
NFLX,2022-10-24,long,4,27.93,23.44,4.49,29.023,23.44,40.189,28.9,2022-11-25,5.583,-0.123,-0.022,LOSS,maxhold
NFLX,2023-05-12,long,5,33.632,31.585,2.047,34.476,31.585,40.258,40.258,2023-05-30,2.891,5.782,2.0,WIN,target
NFLX,2023-07-19,long,5,45.648,43.1042,2.5438,47.686,43.1042,56.8496,43.1042,2023-07-21,4.5818,-4.5818,-1.0,LOSS,stop
NFLX,2023-09-06,long,4,44.55,41.45,3.1,44.861,41.45,51.683,41.45,2023-09-13,3.411,-3.411,-1.0,LOSS,stop
NFLX,2024-01-29,long,2,56.25,48.14,8.11,57.135,48.14,75.125,60.425,2024-02-29,8.995,3.29,0.3658,WIN,maxhold
NFLX,2024-06-18,long,5,67.558,63.559,3.999,67.563,63.559,75.571,66.064,2024-07-19,4.004,-1.499,-0.3744,LOSS,maxhold
NFLX,2024-09-18,long,5,70.302,66.08,4.222,70.755,66.08,80.105,76.576,2024-10-21,4.675,5.821,1.2451,WIN,maxhold
NFLX,2025-01-13,short,5,89.883,86.911,2.972,83.1525,89.883,69.6915,89.883,2025-01-21,6.7305,-6.7305,-1.0,LOSS,stop
NFLX,2025-04-25,long,1,106.497,100.452,6.045,109.704,100.452,128.208,119.533,2025-05-27,9.252,9.829,1.0624,WIN,maxhold
NFLX,2025-06-24,long,5,123.2357,119.601,3.6347,126.0545,119.601,138.9615,119.601,2025-07-22,6.4535,-6.4535,-1.0,LOSS,stop
NFLX,2026-04-07,long,5,98.71,92.22,6.49,98.55,92.22,111.21,93.24,2026-04-22,6.33,-5.31,-0.8389,LOSS,maxhold
NVDA,2018-02-16,long,5,6.0648,5.4378,0.627,6.135,5.4378,7.5294,6.2045,2018-03-19,0.6972,0.0695,0.0997,WIN,maxhold
NVDA,2018-03-29,short,5,6.3,5.813,0.487,5.6026,6.3,4.2078,5.6748,2018-04-30,0.6974,-0.0722,-0.1035,LOSS,maxhold
NVDA,2018-05-10,long,5,6.2748,5.555,0.7198,6.448,5.555,8.234,6.5443,2018-06-11,0.893,0.0963,0.1078,WIN,maxhold
NVDA,2018-08-24,long,5,6.591,5.968,0.623,6.6795,5.968,8.1025,6.555,2018-09-24,0.7115,-0.1245,-0.175,LOSS,maxhold
NVDA,2018-10-11,short,3,7.02,6.502,0.518,6.0543,7.02,4.1229,5.0495,2018-11-12,0.9657,1.0048,1.0405,WIN,maxhold
NVDA,2019-03-20,long,5,4.3313,3.9798,0.3515,4.422,3.9798,5.3064,4.6338,2019-04-22,0.4422,0.2118,0.479,WIN,maxhold
NVDA,2019-05-10,short,2,4.4475,4.2793,0.1682,4.2238,4.4475,3.7764,3.7764,2019-05-20,0.2237,0.4474,2.0,WIN,target
NVDA,2019-11-26,long,5,5.3637,5.0943,0.2694,5.5125,5.0943,6.3489,5.0943,2019-12-03,0.4182,-0.4182,-1.0,LOSS,stop
NVDA,2019-12-12,long,5,5.4015,5.1877,0.2138,5.4045,5.1877,5.8381,5.8381,2019-12-19,0.2168,0.4336,2.0,WIN,target
NVDA,2020-02-06,long,5,6.2318,5.8058,0.426,6.3035,5.8058,7.2989,7.2989,2020-02-14,0.4977,0.9954,2.0,WIN,target
NVDA,2020-04-28,long,3,7.3285,6.885,0.4435,7.575,6.885,8.955,8.955,2020-05-19,0.69,1.38,2.0,WIN,target
NVDA,2020-06-23,long,5,9.299,8.7034,0.5956,9.551,8.7034,11.2462,9.875,2020-07-24,0.8476,0.324,0.3823,WIN,maxhold
NVDA,2020-08-06,long,5,11.2278,10.2953,0.9325,11.3498,10.2953,13.4588,13.4588,2020-08-31,1.0545,2.109,2.0,WIN,target
NVDA,2020-11-02,short,5,13.6928,12.609,1.0838,12.6578,13.6928,10.5878,13.6928,2020-11-04,1.035,-1.035,-1.0,LOSS,stop
NVDA,2020-12-11,short,5,13.7313,13.2283,0.503,12.9673,13.7313,11.4393,13.4188,2021-01-11,0.764,-0.4515,-0.591,LOSS,maxhold
NVDA,2021-02-11,long,4,14.5833,13.3379,1.2454,14.9803,13.3379,18.2651,13.3379,2021-02-25,1.6424,-1.6424,-1.0,LOSS,stop
NVDA,2021-05-12,short,1,14.9708,14.6717,0.2991,14.0095,14.9708,12.0869,14.9708,2021-05-21,0.9613,-0.9613,-1.0,LOSS,stop
NVDA,2021-08-24,long,5,20.8651,18.762,2.1031,21.753,18.762,27.735,22.07,2021-09-24,2.991,0.317,0.106,WIN,maxhold
NVDA,2021-10-05,short,3,21.799,20.467,1.332,19.95,21.799,16.252,21.799,2021-10-15,1.849,-1.849,-1.0,LOSS,stop
NVDA,2021-12-21,short,3,31.16,27.76,3.4,28.374,31.16,22.802,31.16,2021-12-28,2.786,-2.786,-1.0,LOSS,stop
NVDA,2022-01-06,short,5,30.711,28.349,2.362,27.64,30.711,21.498,21.498,2022-01-24,3.071,6.142,2.0,WIN,target
NVDA,2022-08-25,short,5,19.164,17.77,1.394,16.844,19.164,12.204,12.491,2022-09-26,2.32,4.353,1.8763,WIN,maxhold
NVDA,2022-12-28,short,3,16.627,14.882,1.745,13.927,16.627,8.527,16.627,2023-01-12,2.7,-2.7,-1.0,LOSS,stop
NVDA,2023-03-06,long,1,23.3804,22.432,0.9484,23.891,22.432,26.809,22.432,2023-03-13,1.459,-1.459,-1.0,LOSS,stop
NVDA,2023-05-17,long,1,28.969,28.152,0.817,29.584,28.152,32.448,32.448,2023-05-25,1.432,2.864,2.0,WIN,target
NVDA,2023-08-14,short,4,45.54,41.835,3.705,40.486,45.54,30.378,45.54,2023-08-21,5.054,-5.054,-1.0,LOSS,stop
NVDA,2023-10-13,long,2,45.789,44.026,1.763,46.96,44.026,52.828,44.026,2023-10-17,2.934,-2.934,-1.0,LOSS,stop
NVDA,2023-12-14,long,2,47.666,45.83,1.836,48.39,45.83,53.51,53.51,2024-01-09,2.56,5.12,2.0,WIN,target
NVDA,2024-04-22,short,5,90.739,83.95,6.789,78.104,90.739,52.834,90.739,2024-05-06,12.635,-12.635,-1.0,LOSS,stop
NVDA,2024-07-26,short,5,124.69,113.44,11.25,116.19,124.69,99.19,99.19,2024-08-05,8.5,17.0,2.0,WIN,target
NVDA,2024-10-09,long,1,130.64,124.95,5.69,134.11,124.95,152.43,148.68,2024-11-11,9.16,14.57,1.5906,WIN,maxhold
NVDA,2024-12-18,short,5,141.82,130.42,11.4,133.86,141.82,117.94,141.82,2024-12-24,7.96,-7.96,-1.0,LOSS,stop
NVDA,2025-01-07,long,5,140.85,133.83,7.02,153.03,133.83,191.43,133.83,2025-01-13,19.2,-19.2,-1.0,LOSS,stop
NVDA,2025-01-24,long,5,141.83,130.05,11.78,148.37,130.05,185.01,130.05,2025-01-27,18.32,-18.32,-1.0,LOSS,stop
NVDA,2025-09-23,long,5,180.28,168.41,11.87,181.97,168.41,209.09,183.835,2025-10-24,13.56,1.865,0.1375,WIN,maxhold
NVDA,2025-10-30,long,2,203.15,188.4318,14.7182,205.15,188.4318,238.5864,188.4318,2025-11-06,16.7182,-16.7182,-1.0,LOSS,stop
NVDA,2026-02-06,short,5,194.49,176.23,18.26,176.69,194.49,141.09,194.49,2026-02-25,17.8,-17.8,-1.0,LOSS,stop
PG,2018-07-27,long,5,79.6,77.54,2.06,79.67,77.54,83.93,83.93,2018-08-16,2.13,4.26,2.0,WIN,target
PG,2018-09-21,long,5,84.29,82.65,1.64,85.81,82.65,92.13,82.65,2018-10-04,3.16,-3.16,-1.0,LOSS,stop
PG,2018-12-26,short,5,96.895,91.29,5.605,87.42,96.895,68.47,93.32,2019-01-28,9.475,-5.9,-0.6227,LOSS,maxhold
PG,2019-02-04,long,3,96.81,93.1,3.71,97.21,93.1,105.43,98.97,2019-03-07,4.11,1.76,0.4282,WIN,maxhold
PG,2019-03-18,long,5,101.78,97.75,4.03,102.06,97.75,110.68,106.02,2019-04-18,4.31,3.96,0.9188,WIN,maxhold
PG,2019-05-01,long,5,105.88,102.13,3.75,106.15,102.13,114.19,103.15,2019-06-03,4.02,-3.0,-0.7463,LOSS,maxhold
PG,2019-06-13,long,4,109.38,103.85,5.53,109.98,103.85,122.24,115.07,2019-07-15,6.13,5.09,0.8303,WIN,maxhold
PG,2019-08-20,long,4,119.54,115.66,3.88,120.05,115.66,128.83,122.13,2019-09-20,4.39,2.08,0.4738,WIN,maxhold
PG,2019-10-15,short,5,124.06,120.84,3.22,120.19,124.06,112.45,124.06,2019-10-22,3.87,-3.87,-1.0,LOSS,stop
PG,2019-12-10,long,5,124.63,120.9602,3.6698,124.78,120.9602,132.4196,123.9,2020-01-10,3.8198,-0.88,-0.2304,LOSS,maxhold
PG,2020-02-26,short,5,128.07,123.14,4.93,121.42,128.07,108.12,108.12,2020-02-28,6.65,13.3,2.0,WIN,target
PG,2020-06-11,long,5,119.19,115.26,3.93,118.81,115.26,125.91,115.26,2020-06-12,3.55,-3.55,-1.0,LOSS,stop
PG,2020-07-06,long,5,120.39,115.04,5.35,121.77,115.04,135.23,132.8502,2020-08-06,6.73,11.0802,1.6464,WIN,maxhold
PG,2020-10-08,long,5,139.99,136.66,3.33,140.56,136.66,148.36,136.66,2020-10-29,3.9,-3.9,-1.0,LOSS,stop
PG,2020-11-23,short,5,144.78,140.65,4.13,139.32,144.78,128.4,136.2,2020-12-24,5.46,3.12,0.5714,WIN,maxhold
PG,2021-06-17,short,5,136.4384,133.9,2.5384,132.82,136.4384,125.5832,136.4384,2021-07-02,3.6184,-3.6184,-1.0,LOSS,stop
PG,2021-07-15,long,4,137.65,135.36,2.29,138.01,135.36,143.31,143.31,2021-07-30,2.65,5.3,2.0,WIN,target
PG,2021-08-04,long,1,142.425,140.8,1.625,143.04,140.8,147.52,144.32,2021-09-07,2.24,1.28,0.5714,WIN,maxhold
PG,2021-09-29,short,5,144.85,141.97,2.88,140.27,144.85,131.11,144.85,2021-10-15,4.58,-4.58,-1.0,LOSS,stop
PG,2021-11-05,long,5,145.11,141.71,3.4,145.44,141.71,152.9,150.19,2021-12-06,3.73,4.75,1.2735,WIN,maxhold
PG,2021-12-10,long,2,152.66,150.28,2.38,153.855,150.28,161.005,161.005,2021-12-16,3.575,7.15,2.0,WIN,target
PG,2022-05-13,short,1,155.9,152.35,3.55,152.58,155.9,145.94,155.9,2022-05-16,3.32,-3.32,-1.0,LOSS,stop
PG,2023-01-24,short,2,149.93,142.24,7.69,140.69,149.93,122.21,138.93,2023-02-24,9.24,1.76,0.1905,WIN,maxhold
PG,2023-05-24,short,5,156.92,148.83,8.09,147.59,156.92,128.93,148.1,2023-06-26,9.33,-0.51,-0.0547,LOSS,maxhold
PG,2023-08-01,long,5,154.84,150.7,4.14,155.88,150.7,166.24,154.9,2023-09-01,5.18,-0.98,-0.1892,LOSS,maxhold
PG,2023-09-25,short,5,155.32,151.7433,3.5767,151.18,155.32,142.9,142.9,2023-10-06,4.14,8.28,2.0,WIN,target
PG,2023-12-11,short,2,152.61,145.64,6.97,144.8,152.61,129.18,150.05,2024-01-11,7.81,-5.25,-0.6722,LOSS,maxhold
PG,2024-03-12,long,5,161.245,157.67,3.575,161.82,157.67,170.12,157.67,2024-04-03,4.15,-4.15,-1.0,LOSS,stop
PG,2024-07-19,long,5,167.64,164.46,3.18,167.97,164.46,174.99,164.46,2024-07-30,3.51,-3.51,-1.0,LOSS,stop
PG,2024-08-21,long,5,169.68,165.82,3.86,170.19,165.82,178.93,174.01,2024-09-23,4.37,3.82,0.8741,WIN,maxhold
PG,2024-10-04,short,5,174.68,171.36,3.32,168.85,174.68,157.19,174.68,2024-10-15,5.83,-5.83,-1.0,LOSS,stop
PG,2025-03-26,short,3,169.205,164.12,5.085,163.35,169.205,151.64,169.205,2025-03-28,5.855,-5.855,-1.0,LOSS,stop
PG,2025-09-24,short,5,161.67,153.05,8.62,152.05,161.67,132.81,151.61,2025-10-27,9.62,0.44,0.0457,WIN,maxhold
QQQ,2018-03-26,short,1,168.76,166.19,2.57,161.68,168.76,147.52,160.72,2018-04-26,7.08,0.96,0.1356,WIN,maxhold
QQQ,2018-05-15,long,2,169.74,165.78,3.96,168.4,165.78,173.64,173.64,2018-06-04,2.62,5.24,2.0,WIN,target
QQQ,2018-07-10,long,5,173.45,169.17,4.28,177.41,169.17,193.89,180.68,2018-08-10,8.24,3.27,0.3968,WIN,maxhold
QQQ,2018-08-27,long,1,182.045,180.5,1.545,183.43,180.5,189.29,180.5,2018-09-07,2.93,-2.93,-1.0,LOSS,stop
QQQ,2018-09-28,long,5,185.48,181.3,4.18,185.25,181.3,193.15,181.3,2018-10-04,3.95,-3.95,-1.0,LOSS,stop
QQQ,2018-10-11,short,3,182.97,176.93,6.04,171.04,182.97,147.18,170.33,2018-11-12,11.93,0.71,0.0595,WIN,maxhold
QQQ,2019-03-14,long,5,175.79,169.3375,6.4525,177.115,169.3375,192.67,185.81,2019-04-15,7.7775,8.695,1.118,WIN,maxhold
QQQ,2019-05-15,short,4,188.67,181.0302,7.6398,179.39,188.67,160.83,183.01,2019-06-17,9.28,-3.62,-0.3901,LOSS,maxhold
QQQ,2019-08-07,short,4,194.98,186.21,8.77,181.32,194.98,154.0,192.18,2019-09-09,13.66,-10.86,-0.795,LOSS,maxhold
QQQ,2019-09-12,long,1,190.74,188.91,1.83,193.64,188.91,203.1,188.91,2019-09-24,4.73,-4.73,-1.0,LOSS,stop
QQQ,2019-10-03,short,5,190.5898,185.75,4.8398,184.07,190.5898,171.0304,190.5898,2019-10-11,6.5198,-6.5198,-1.0,LOSS,stop
QQQ,2019-12-13,long,5,205.5937,199.23,6.3637,206.36,199.23,220.62,219.31,2020-01-13,7.13,12.95,1.8163,WIN,maxhold
QQQ,2020-05-11,long,1,222.73,220.42,2.31,223.5,220.42,229.66,220.42,2020-05-13,3.08,-3.08,-1.0,LOSS,stop
QQQ,2020-05-19,long,2,223.33,215.99,7.34,227.66,215.99,251.0,246.74,2020-06-19,11.67,19.08,1.635,WIN,maxhold
QQQ,2020-07-07,long,5,254.27,237.35,16.92,258.1,237.35,299.6,274.04,2020-08-07,20.75,15.94,0.7682,WIN,maxhold
QQQ,2020-10-12,long,5,282.47,273.44,9.03,290.6,273.44,324.92,273.44,2020-10-28,17.16,-17.16,-1.0,LOSS,stop
QQQ,2020-11-02,short,1,279.49,272.52,6.97,271.73,279.49,256.21,279.49,2020-11-04,7.76,-7.76,-1.0,LOSS,stop
QQQ,2021-01-22,long,2,324.74,313.12,11.62,325.29,313.12,349.63,313.12,2021-01-29,12.17,-12.17,-1.0,LOSS,stop
QQQ,2021-04-09,long,3,331.84,315.81,16.03,333.68,315.81,369.42,332.78,2021-05-10,17.87,-0.9,-0.0504,LOSS,maxhold
QQQ,2021-05-13,short,1,326.1299,319.02,7.1099,319.92,326.1299,307.5002,326.1299,2021-05-14,6.2099,-6.2099,-1.0,LOSS,stop
QQQ,2021-08-06,long,2,368.32,362.0,6.32,368.37,362.0,381.11,362.0,2021-08-18,6.37,-6.37,-1.0,LOSS,stop
QQQ,2021-08-30,long,5,375.39,359.96,15.43,376.85,359.96,410.63,359.96,2021-09-28,16.89,-16.89,-1.0,LOSS,stop
QQQ,2022-01-10,short,3,402.28,380.13,22.15,374.82,402.28,319.9,359.52,2022-02-10,27.46,15.3,0.5572,WIN,maxhold
QQQ,2022-08-01,long,4,308.55,293.54,15.01,313.65,293.54,353.87,296.72,2022-09-01,20.11,-16.93,-0.8419,LOSS,maxhold
QQQ,2022-12-20,short,5,296.875,279.79,17.085,268.56,296.875,211.93,276.79,2023-01-20,28.315,-8.23,-0.2907,LOSS,maxhold
QQQ,2023-03-13,short,1,301.01,295.72,5.29,286.73,301.01,258.17,301.01,2023-03-16,14.28,-14.28,-1.0,LOSS,stop
QQQ,2023-05-01,long,5,319.27,309.89,9.38,322.09,309.89,346.49,346.49,2023-05-26,12.2,24.4,2.0,WIN,target
QQQ,2023-07-18,long,4,379.99,363.41,16.58,381.96,363.41,419.06,363.41,2023-08-16,18.55,-18.55,-1.0,LOSS,stop
QQQ,2023-09-01,long,1,377.4467,373.86,3.5867,380.4,373.86,393.48,373.86,2023-09-06,6.54,-6.54,-1.0,LOSS,stop
QQQ,2023-12-18,long,3,404.36,391.53,12.83,404.93,391.53,431.73,410.52,2024-01-18,13.4,5.59,0.4172,WIN,maxhold
QQQ,2024-04-18,short,5,446.33,430.21,16.12,426.49,446.33,386.81,446.33,2024-05-14,19.84,-19.84,-1.0,LOSS,stop
QQQ,2024-10-15,long,3,494.47,487.95,6.52,497.83,487.95,517.59,487.95,2024-10-16,9.88,-9.88,-1.0,LOSS,stop
QQQ,2024-11-07,long,5,501.35,483.75,17.6,508.4,483.75,557.7,525.55,2024-12-09,24.65,17.15,0.6957,WIN,maxhold
QQQ,2025-02-19,long,5,538.84,521.95,16.89,538.57,521.95,571.81,521.95,2025-02-24,16.62,-16.62,-1.0,LOSS,stop
QQQ,2025-02-28,short,2,519.66,509.44,10.22,500.13,519.66,461.07,461.92,2025-03-31,19.53,38.21,1.9565,WIN,maxhold
QQQ,2025-06-30,long,4,546.67,523.65,23.02,551.26,523.65,606.48,574.54,2025-07-31,27.61,23.28,0.8432,WIN,maxhold
QQQ,2025-08-11,long,5,573.32,551.68,21.64,574.69,551.68,620.71,583.24,2025-09-11,23.01,8.55,0.3716,WIN,maxhold
QQQ,2025-10-29,long,4,628.55,599.74,28.81,635.59,599.74,707.29,599.74,2025-11-07,35.85,-35.85,-1.0,LOSS,stop
QQQ,2025-11-19,short,2,613.35,597.17,16.18,597.07,613.35,564.51,613.35,2025-11-20,16.28,-16.28,-1.0,LOSS,stop
QQQ,2026-01-28,long,5,626.08,607.05,19.03,635.46,607.05,692.28,607.05,2026-02-04,28.41,-28.41,-1.0,LOSS,stop
SPY,2018-03-23,short,5,280.41,268.62,11.79,264.17,280.41,231.69,267.26,2018-04-23,16.24,-3.09,-0.1903,LOSS,maxhold
SPY,2018-05-15,long,5,272.39,261.15,11.24,271.59,261.15,292.47,276.6,2018-06-15,10.44,5.01,0.4799,WIN,maxhold
SPY,2018-08-08,long,2,284.99,282.33,2.66,285.39,282.33,291.51,282.33,2018-08-13,3.06,-3.06,-1.0,LOSS,stop
SPY,2018-08-22,long,5,285.97,280.16,5.81,285.88,280.16,297.32,291.34,2018-09-24,5.72,5.46,0.9545,WIN,maxhold
SPY,2018-10-11,short,3,290.27,285.5,4.77,277.08,290.27,250.7,277.19,2018-11-12,13.19,-0.11,-0.0083,LOSS,maxhold
SPY,2019-03-22,long,5,282.66,278.85,3.81,283.22,278.85,291.96,278.85,2019-03-25,4.37,-4.37,-1.0,LOSS,stop
SPY,2019-04-04,long,5,286.16,277.93,8.23,286.78,277.93,304.48,289.25,2019-05-06,8.85,2.47,0.2791,WIN,maxhold
SPY,2019-08-06,short,4,301.2,290.9,10.3,285.91,301.2,255.33,298.17,2019-09-06,15.29,-12.26,-0.8018,LOSS,maxhold
SPY,2019-12-13,long,5,315.31,310.58,4.73,316.87,310.58,329.45,326.39,2020-01-13,6.29,9.52,1.5135,WIN,maxhold
SPY,2020-02-07,long,2,333.09,327.72,5.37,332.82,327.72,343.02,327.72,2020-02-24,5.1,-5.1,-1.0,LOSS,stop
SPY,2020-05-27,long,5,297.87,281.34,16.53,302.12,281.34,343.68,301.41,2020-06-29,20.78,-0.71,-0.0342,LOSS,maxhold
SPY,2020-07-07,long,3,315.7,303.82,11.88,315.38,303.82,338.5,333.28,2020-08-07,11.56,17.9,1.5484,WIN,maxhold
SPY,2020-10-12,long,5,343.85,331.19,12.66,349.59,331.19,386.39,331.19,2020-10-28,18.4,-18.4,-1.0,LOSS,stop
SPY,2021-02-05,long,5,383.7,368.27,15.43,388.2,368.27,428.06,384.66,2021-03-08,19.93,-3.54,-0.1776,LOSS,maxhold
SPY,2021-03-18,long,5,396.685,385.31,11.375,394.475,385.31,412.805,385.31,2021-03-25,9.165,-9.165,-1.0,LOSS,stop
SPY,2021-05-25,long,5,417.49,405.33,12.16,420.33,405.33,450.33,425.9,2021-06-25,15.0,5.57,0.3713,WIN,maxhold
SPY,2021-07-02,long,3,428.78,425.89,2.89,431.67,425.89,443.23,425.89,2021-07-19,5.78,-5.78,-1.0,LOSS,stop
SPY,2021-08-26,long,5,448.54,436.12,12.42,448.61,436.12,473.59,436.12,2021-09-20,12.49,-12.49,-1.0,LOSS,stop
SPY,2021-10-22,long,3,447.55,438.58,8.97,453.13,438.58,482.23,470.89,2021-11-22,14.55,17.76,1.2206,WIN,maxhold
SPY,2021-12-13,long,2,470.0,466.14,3.86,470.19,466.14,478.29,466.14,2021-12-14,4.05,-4.05,-1.0,LOSS,stop
SPY,2021-12-28,long,5,472.87,451.14,21.73,477.72,451.14,530.88,451.14,2022-01-20,26.58,-26.58,-1.0,LOSS,stop
SPY,2022-04-25,short,5,447.57,435.61,11.96,423.67,447.57,375.87,398.67,2022-05-26,23.9,25.0,1.046,WIN,maxhold
SPY,2022-08-02,long,4,402.88,389.95,12.93,409.12,389.95,447.46,400.28,2022-09-02,19.17,-8.84,-0.4611,LOSS,maxhold
SPY,2022-11-15,long,1,395.04,385.642,9.398,401.15,385.642,432.166,385.18,2022-12-16,15.508,-15.97,-1.0298,LOSS,maxhold
SPY,2023-04-05,long,2,404.35,398.68,5.67,407.91,398.68,426.37,412.97,2023-05-08,9.23,5.06,0.5482,WIN,maxhold
SPY,2023-05-19,long,5,414.535,408.87,5.665,420.17,408.87,442.77,442.77,2023-06-15,11.3,22.6,2.0,WIN,target
SPY,2023-07-14,long,2,447.4799,439.44,8.0399,450.475,439.44,472.545,444.7,2023-08-14,11.035,-5.775,-0.5233,LOSS,maxhold
SPY,2023-08-17,short,1,446.64,442.3,4.34,441.16,446.64,430.2,446.64,2023-08-29,5.48,-5.48,-1.0,LOSS,stop
SPY,2024-01-22,long,5,478.6,469.87,8.73,484.01,469.87,512.29,504.01,2024-02-22,14.14,20.0,1.4144,WIN,maxhold
SPY,2024-04-18,short,1,506.5,502.21,4.29,501.98,506.5,492.94,506.5,2024-04-24,4.52,-4.52,-1.0,LOSS,stop
SPY,2024-06-12,long,5,536.89,524.96,11.93,541.63,524.96,574.97,562.03,2024-07-15,16.67,20.4,1.2238,WIN,maxhold
SPY,2024-09-20,long,5,566.58,539.96,26.62,567.84,539.96,623.6,583.85,2024-10-21,27.88,16.01,0.5742,WIN,maxhold
SPY,2024-11-08,long,5,591.93,567.89,24.04,596.17,567.89,652.73,607.69,2024-12-09,28.28,11.52,0.4074,WIN,maxhold
SPY,2025-01-24,long,3,603.06,590.93,12.13,609.81,590.93,647.57,590.93,2025-02-03,18.88,-18.88,-1.0,LOSS,stop
SPY,2025-06-30,long,5,612.31,591.89,20.42,617.38,591.89,668.36,639.455,2025-07-31,25.49,22.075,0.866,WIN,maxhold
SPY,2025-08-11,long,5,636.98,619.29,17.69,637.46,619.29,673.8,654.18,2025-09-11,18.17,16.72,0.9202,WIN,maxhold
SPY,2025-10-29,long,4,685.54,663.3,22.24,688.72,663.3,739.56,663.3,2025-11-07,25.42,-25.42,-1.0,LOSS,stop
SPY,2025-11-21,short,4,675.66,655.86,19.8,655.05,675.66,613.83,675.66,2025-11-25,20.61,-20.61,-1.0,LOSS,stop
SPY,2025-12-04,long,2,683.665,676.72,6.945,685.3,676.72,702.46,676.72,2025-12-16,8.58,-8.58,-1.0,LOSS,stop
SPY,2026-01-28,long,5,694.13,676.57,17.56,697.05,676.57,738.01,676.57,2026-02-05,20.48,-20.48,-1.0,LOSS,stop
TSLA,2018-06-12,long,4,21.478,18.9226,2.5554,22.98,18.9226,31.0948,21.0387,2018-07-13,4.0574,-1.9413,-0.4785,LOSS,maxhold
TSLA,2018-08-08,long,5,23.3327,19.0753,4.2574,24.606,19.0753,35.6674,19.0753,2018-09-05,5.5307,-5.5307,-1.0,LOSS,stop
TSLA,2018-12-04,long,5,23.54,21.6667,1.8733,23.7367,21.6667,27.8767,21.6667,2018-12-20,2.07,-2.07,-1.0,LOSS,stop
TSLA,2019-07-15,long,5,16.1047,15.152,0.9527,16.5333,15.152,19.2959,15.152,2019-07-25,1.3813,-1.3813,-1.0,LOSS,stop
TSLA,2019-10-18,long,4,17.3333,16.1053,1.228,17.38,16.1053,19.9294,19.9294,2019-10-24,1.2747,2.5494,2.0,WIN,target
TSLA,2020-06-02,long,5,55.64,52.3333,3.3067,59.6467,52.3333,74.2735,74.2735,2020-07-01,7.3134,14.6268,2.0,WIN,target
TSLA,2020-08-18,long,3,111.2533,95.6667,15.5866,126.5993,95.6667,188.4645,149.3133,2020-09-18,30.9326,22.714,0.7343,WIN,maxhold
TSLA,2020-10-15,long,5,149.63,137.9483,11.6817,150.1033,137.9483,174.4133,137.9483,2020-10-23,12.155,-12.155,-1.0,LOSS,stop
TSLA,2020-11-20,long,2,165.3333,144.3367,20.9966,165.9967,144.3367,209.3167,209.3167,2020-12-07,21.66,43.32,2.0,WIN,target
TSLA,2020-12-31,long,2,227.1333,213.6667,13.4666,233.33,213.6667,272.6566,272.6566,2021-01-08,19.6633,39.3266,2.0,WIN,target
TSLA,2021-02-23,short,4,273.6667,254.0033,19.6634,220.71,273.6667,114.7966,273.6667,2021-03-01,52.9567,-52.9567,-1.0,LOSS,stop
TSLA,2021-08-31,long,5,238.99,226.9168,12.0732,244.3333,226.9168,279.1663,259.4667,2021-10-01,17.4165,15.1334,0.8689,WIN,maxhold
TSLA,2021-10-14,long,5,268.99,257.74,11.25,271.83,257.74,300.01,300.01,2021-10-22,14.09,28.18,2.0,WIN,target
TSLA,2022-04-28,short,3,364.0733,325.1,38.9733,299.9933,364.0733,171.8333,257.9467,2022-05-31,64.08,42.0466,0.6562,WIN,maxhold
TSLA,2022-09-06,short,5,303.6467,272.65,30.9967,272.675,303.6467,210.7316,303.6467,2022-09-12,30.9717,-30.9717,-1.0,LOSS,stop
TSLA,2023-03-13,short,5,207.2,186.01,21.19,167.455,207.2,87.965,207.2,2023-03-31,39.745,-39.745,-1.0,LOSS,stop
TSLA,2023-08-03,short,3,269.08,258.2312,10.8488,252.04,269.08,217.96,217.96,2023-08-18,17.04,34.08,2.0,WIN,target
TSLA,2023-10-20,short,5,265.41,242.08,23.33,217.01,265.41,120.21,234.04,2023-11-20,48.4,-17.03,-0.3519,LOSS,maxhold
TSLA,2023-12-18,long,5,246.57,233.87,12.7,253.78,233.87,293.6,233.87,2024-01-09,19.91,-19.91,-1.0,LOSS,stop
TSLA,2024-06-27,long,5,188.81,176.92,11.89,195.17,176.92,231.67,231.67,2024-07-03,18.25,36.5,2.0,WIN,target
TSLA,2024-09-24,long,1,244.24,232.13,12.11,254.08,232.13,297.98,232.13,2024-10-11,21.95,-21.95,-1.0,LOSS,stop
TSLA,2025-02-10,short,5,419.99,363.18,56.81,356.21,419.99,228.65,228.65,2025-03-10,63.78,127.56,2.0,WIN,target
TSLA,2025-07-22,long,5,323.5,300.0,23.5,329.74,300.0,389.22,300.0,2025-08-01,29.74,-29.74,-1.0,LOSS,stop
TSLA,2025-08-12,long,5,335.15,303.0001,32.1499,345.0,303.0001,428.9998,370.94,2025-09-12,41.9999,25.94,0.6176,WIN,maxhold
TSLA,2025-10-21,long,5,443.13,411.45,31.68,445.755,411.45,514.365,411.45,2025-11-13,34.305,-34.305,-1.0,LOSS,stop
UNH,2018-04-19,long,1,231.849,226.35,5.499,236.2,226.35,255.9,245.0,2018-05-21,9.85,8.8,0.8934,WIN,maxhold
UNH,2018-06-15,long,1,254.99,250.4,4.59,254.27,250.4,262.01,250.4,2018-06-25,3.87,-3.87,-1.0,LOSS,stop
UNH,2018-07-11,long,5,254.01,244.12,9.89,255.14,244.12,277.18,261.0,2018-08-13,11.02,5.86,0.5318,WIN,maxhold
UNH,2018-10-03,long,5,269.53,262.45,7.08,272.0,262.45,291.1,262.45,2018-10-11,9.55,-9.55,-1.0,LOSS,stop
UNH,2019-03-01,short,2,265.425,248.9369,16.4881,243.56,265.425,199.83,249.71,2019-04-01,21.865,-6.15,-0.2813,LOSS,maxhold
UNH,2019-07-12,long,5,248.76,239.535,9.225,261.63,239.535,305.82,246.79,2019-08-12,22.095,-14.84,-0.6716,LOSS,maxhold
UNH,2019-11-18,long,1,256.08,253.47,2.61,269.0,253.47,300.06,295.0,2019-12-19,15.53,26.0,1.6742,WIN,maxhold
UNH,2020-02-03,short,5,300.58,280.07,20.51,275.13,300.58,224.23,300.58,2020-02-12,25.45,-25.45,-1.0,LOSS,stop
UNH,2020-05-19,long,5,293.15,275.56,17.59,290.74,275.56,321.1,275.56,2020-06-15,15.18,-15.18,-1.0,LOSS,stop
UNH,2020-08-10,long,5,316.24,298.05,18.19,317.0,298.05,354.9,312.73,2020-09-10,18.95,-4.27,-0.2253,LOSS,maxhold
UNH,2020-10-08,long,5,318.42,300.68,17.74,323.43,300.68,368.93,300.68,2020-10-30,22.75,-22.75,-1.0,LOSS,stop
UNH,2020-11-06,long,1,326.44,315.015,11.425,350.36,315.015,421.05,348.72,2020-12-07,35.345,-1.64,-0.0464,LOSS,maxhold
UNH,2020-12-30,long,5,342.61,329.4,13.21,347.08,329.4,382.44,329.4,2021-01-27,17.68,-17.68,-1.0,LOSS,stop
UNH,2021-02-01,short,1,346.58,334.51,12.07,335.03,346.58,311.93,334.17,2021-03-04,11.55,0.86,0.0745,WIN,maxhold
UNH,2021-07-07,long,5,409.98,396.8,13.18,410.35,396.8,437.45,414.95,2021-08-09,13.55,4.6,0.3395,WIN,maxhold
UNH,2021-08-20,long,5,417.42,404.3,13.12,428.35,404.3,476.45,404.3,2021-09-10,24.05,-24.05,-1.0,LOSS,stop
UNH,2021-12-08,long,5,461.78,439.2186,22.5614,466.09,439.2186,519.8328,456.0,2022-01-10,26.8714,-10.09,-0.3755,LOSS,maxhold
UNH,2022-03-07,long,5,491.38,456.23,35.15,500.0,456.23,587.54,530.0,2022-04-07,43.77,30.0,0.6854,WIN,maxhold
UNH,2022-05-03,short,2,526.28,506.9604,19.3196,501.13,526.28,450.83,488.33,2022-06-03,25.15,12.8,0.5089,WIN,maxhold
UNH,2022-07-29,long,5,537.64,511.14,26.5,540.01,511.14,597.75,526.0,2022-08-29,28.87,-14.01,-0.4853,LOSS,maxhold
UNH,2022-10-31,long,3,546.48,518.01,28.47,555.0,518.01,628.98,518.01,2022-11-11,36.99,-36.99,-1.0,LOSS,stop
UNH,2023-04-11,long,2,496.13,483.4901,12.6399,516.14,483.4901,581.4398,483.4901,2023-04-20,32.6499,-32.6499,-1.0,LOSS,stop
UNH,2023-09-01,short,5,495.42,484.65,10.77,479.0,495.42,446.16,495.42,2023-09-21,16.42,-16.42,-1.0,LOSS,stop
UNH,2023-11-08,long,5,536.84,522.94,13.9,540.0,522.94,574.12,549.76,2023-12-11,17.06,9.76,0.5721,WIN,maxhold
UNH,2023-12-21,short,5,549.42,522.96,26.46,518.88,549.42,457.8,503.94,2024-01-22,30.54,14.94,0.4892,WIN,maxhold
UNH,2024-07-16,long,5,508.73,484.5,24.23,533.9,484.5,632.7,580.92,2024-08-16,49.4,47.02,0.9518,WIN,maxhold
UNH,2024-08-27,long,5,585.205,570.62,14.585,589.47,570.62,627.17,570.62,2024-09-20,18.85,-18.85,-1.0,LOSS,stop
UNH,2024-10-11,long,5,596.13,579.56,16.57,596.49,579.56,630.35,579.56,2024-10-15,16.93,-16.93,-1.0,LOSS,stop
UNH,2024-12-12,short,2,608.9899,544.1401,64.8498,531.53,608.9899,376.6102,535.045,2025-01-13,77.4599,-3.515,-0.0454,LOSS,maxhold
UNH,2025-11-07,short,4,366.15,326.6,39.55,319.655,366.15,226.665,328.7,2025-12-08,46.495,-9.045,-0.1945,LOSS,maxhold
UNH,2026-01-23,long,5,348.0799,326.5031,21.5768,354.275,326.5031,409.8188,326.5031,2026-01-27,27.7719,-27.7719,-1.0,LOSS,stop
V,2018-03-27,short,5,125.44,122.28,3.16,121.52,125.44,113.68,125.44,2018-04-26,3.92,-3.92,-1.0,LOSS,stop
V,2018-05-02,long,1,127.06,125.39,1.67,127.88,125.39,132.86,125.39,2018-05-03,2.49,-2.49,-1.0,LOSS,stop
V,2018-06-07,long,5,133.57,129.06,4.51,136.36,129.06,150.96,134.94,2018-07-09,7.3,-1.42,-0.1945,LOSS,maxhold
V,2018-07-13,long,2,138.81,135.34,3.47,139.79,135.34,148.69,135.34,2018-07-30,4.45,-4.45,-1.0,LOSS,stop
V,2018-08-24,long,5,141.71,138.84,2.87,142.32,138.84,149.28,149.28,2018-09-20,3.48,6.96,2.0,WIN,target
V,2019-02-05,long,5,140.35,133.3,7.05,142.0,133.3,159.4,145.44,2019-03-08,8.7,3.44,0.3954,WIN,maxhold
V,2019-04-15,long,3,159.3,156.47,2.83,159.83,156.47,166.55,156.47,2019-05-13,3.36,-3.36,-1.0,LOSS,stop
V,2019-11-29,long,5,183.22,178.35,4.87,183.93,178.35,195.09,189.31,2019-12-30,5.58,5.38,0.9642,WIN,maxhold
V,2020-02-20,long,5,211.5,203.64,7.86,212.13,203.64,229.11,203.64,2020-02-24,8.49,-8.49,-1.0,LOSS,stop
V,2020-05-11,long,5,184.98,171.72,13.26,183.87,171.72,208.17,195.14,2020-06-11,12.15,11.27,0.9276,WIN,maxhold
V,2020-07-07,long,5,197.48,187.3001,10.1799,196.81,187.3001,215.8298,187.3001,2020-07-14,9.5099,-9.5099,-1.0,LOSS,stop
V,2020-08-25,long,4,205.14,196.8223,8.3177,207.19,196.8223,227.9254,196.8223,2020-09-21,10.3677,-10.3677,-1.0,LOSS,stop
V,2020-10-13,long,5,205.1,199.4,5.7,203.38,199.4,211.34,199.4,2020-10-15,3.98,-3.98,-1.0,LOSS,stop
V,2021-03-12,long,5,226.13,208.67,17.46,225.28,208.67,258.5,208.67,2021-03-19,16.61,-16.61,-1.0,LOSS,stop
V,2021-07-14,long,5,241.04,234.55,6.49,243.22,234.55,260.56,234.55,2021-08-03,8.67,-8.67,-1.0,LOSS,stop
V,2022-02-02,long,1,228.12,216.1,12.02,231.3,216.1,261.7,216.1,2022-02-23,15.2,-15.2,-1.0,LOSS,stop
V,2022-03-04,short,3,220.68,207.28,13.4,205.0,220.68,173.64,220.68,2022-03-28,15.68,-15.68,-1.0,LOSS,stop
V,2022-07-21,long,5,211.71,197.98,13.73,213.15,197.98,243.49,209.94,2022-08-22,15.17,-3.21,-0.2116,LOSS,maxhold
V,2022-12-21,short,5,219.98,206.82,13.16,206.57,219.98,179.75,219.98,2023-01-09,13.41,-13.41,-1.0,LOSS,stop
V,2023-02-27,short,5,231.42,219.99,11.43,220.73,231.42,199.35,223.92,2023-03-30,10.69,-3.19,-0.2984,LOSS,maxhold
V,2023-07-06,long,3,238.28,226.02,12.26,238.27,226.02,262.77,239.22,2023-08-07,12.25,0.95,0.0776,WIN,maxhold
V,2023-08-29,long,5,243.56,235.3,8.26,243.5,235.3,259.9,235.3,2023-09-22,8.2,-8.2,-1.0,LOSS,stop
V,2024-01-09,long,5,261.46,256.86,4.6,262.0,256.86,272.28,272.28,2024-01-22,5.14,10.28,2.0,WIN,target
V,2024-02-27,long,5,284.06,273.34,10.72,284.17,273.34,305.83,280.36,2024-04-01,10.83,-3.81,-0.3518,LOSS,maxhold
V,2024-04-04,short,1,279.33,276.98,2.35,278.36,279.33,276.42,276.42,2024-04-05,0.97,1.94,2.0,WIN,target
V,2024-12-17,long,5,315.55,306.64,8.91,315.82,306.64,334.18,306.64,2025-01-10,9.18,-9.18,-1.0,LOSS,stop
V,2025-01-22,long,5,320.59,303.84,16.75,324.77,303.84,366.63,348.755,2025-02-24,20.93,23.985,1.146,WIN,maxhold
WMT,2018-07-16,long,5,29.11,27.94,1.17,29.2067,27.94,31.7401,33.37,2018-08-16,1.2667,4.1633,3.2867,WIN,maxhold
WMT,2018-09-24,long,5,31.9642,31.3833,0.5809,31.8133,31.3833,32.6733,31.3833,2018-09-27,0.43,-0.43,-1.0,LOSS,stop
WMT,2018-10-30,long,4,33.16,32.0367,1.1233,33.4033,32.0367,36.1365,32.0367,2018-11-20,1.3666,-1.3666,-1.0,LOSS,stop
WMT,2019-02-20,long,4,33.3333,32.1667,1.1666,33.9367,32.1667,37.4767,32.6,2019-03-25,1.77,-1.3367,-0.7552,LOSS,maxhold
WMT,2019-04-15,long,5,33.61,32.7167,0.8933,33.7667,32.7167,35.8667,34.2767,2019-05-16,1.05,0.51,0.4857,WIN,maxhold
WMT,2019-05-28,long,5,34.1433,33.3033,0.84,34.1867,33.3033,35.9535,35.9535,2019-06-11,0.8834,1.7668,2.0,WIN,target
WMT,2019-08-06,short,3,37.4667,36.44,1.0267,35.3967,37.4667,31.2567,37.4667,2019-08-15,2.07,-2.07,-1.0,LOSS,stop
WMT,2019-11-08,long,5,39.7133,38.9433,0.77,40.1033,38.9433,42.4233,39.8567,2019-12-09,1.16,-0.2466,-0.2126,LOSS,maxhold
WMT,2020-01-03,short,5,40.7067,39.65,1.0567,39.4233,40.7067,36.8565,38.3,2020-02-03,1.2834,1.1233,0.8753,WIN,maxhold
WMT,2020-04-15,long,3,42.1633,39.6467,2.5166,43.0,39.6467,49.7066,42.5,2020-05-18,3.3533,-0.5,-0.1491,LOSS,maxhold
WMT,2020-07-14,long,4,42.7267,39.4067,3.32,43.0933,39.4067,50.4665,44.1133,2020-08-14,3.6866,1.02,0.2767,WIN,maxhold
WMT,2020-09-02,long,2,47.0233,43.6333,3.39,50.4167,43.6333,63.9835,47.0967,2020-10-05,6.7834,-3.32,-0.4894,LOSS,maxhold
WMT,2020-10-14,long,5,48.4633,46.75,1.7133,48.8,46.75,52.9,46.75,2020-10-28,2.05,-2.05,-1.0,LOSS,stop
WMT,2020-11-09,long,5,48.13,45.79,2.34,49.3333,45.79,56.4199,49.25,2020-12-10,3.5433,-0.0833,-0.0235,LOSS,maxhold
WMT,2021-06-11,short,5,47.6,46.6967,0.9033,46.7433,47.6,45.0299,45.0299,2021-06-18,0.8567,1.7134,2.0,WIN,target
WMT,2021-07-15,long,5,47.0633,46.0736,0.9897,47.3333,46.0736,49.8527,49.8527,2021-08-11,1.2597,2.5194,2.0,WIN,target
WMT,2021-09-14,short,5,49.8824,48.6133,1.2691,48.4933,49.8824,45.7151,45.7151,2021-10-01,1.3891,2.7782,2.0,WIN,target
WMT,2022-05-12,short,5,51.6633,49.4233,2.24,49.2867,51.6633,44.5335,44.5335,2022-05-17,2.3766,4.7532,2.0,WIN,target
WMT,2022-08-17,long,1,44.5233,43.7856,0.7377,46.19,43.7856,50.9988,43.7856,2022-08-29,2.4044,-2.4044,-1.0,LOSS,stop
WMT,2022-10-25,long,5,45.0333,42.79,2.2433,46.3633,42.79,53.5099,50.7067,2022-11-25,3.5733,4.3434,1.2155,WIN,maxhold
WMT,2022-12-19,short,1,49.51,48.6533,0.8567,47.67,49.51,43.99,47.13,2023-01-19,1.84,0.54,0.2935,WIN,maxhold
WMT,2023-02-22,long,5,49.0436,48.06,0.9836,48.9233,48.06,50.6499,48.06,2023-02-23,0.8633,-0.8633,-1.0,LOSS,stop
WMT,2023-05-09,long,5,50.8467,49.82,1.0267,50.9067,49.82,53.0801,49.82,2023-05-17,1.0867,-1.0867,-1.0,LOSS,stop
WMT,2023-05-26,short,5,51.43,48.7667,2.6633,48.5667,51.43,42.8401,51.43,2023-06-12,2.8633,-2.8633,-1.0,LOSS,stop
WMT,2023-09-11,long,1,54.4933,53.83,0.6633,54.6667,53.83,56.3401,53.83,2023-09-27,0.8367,-0.8367,-1.0,LOSS,stop
WMT,2023-10-09,short,5,54.3767,52.77,1.6067,51.6933,54.3767,46.3265,54.3767,2023-10-24,2.6834,-2.6834,-1.0,LOSS,stop
WMT,2023-11-02,long,4,54.7767,53.5167,1.26,54.7933,53.5167,57.3465,53.5167,2023-11-16,1.2766,-1.2766,-1.0,LOSS,stop
WMT,2024-04-19,short,5,60.89,59.57,1.32,59.45,60.89,56.57,60.89,2024-05-13,1.44,-1.44,-1.0,LOSS,stop
WMT,2024-05-20,long,3,64.415,59.435,4.98,64.42,59.435,74.39,67.35,2024-06-20,4.985,2.93,0.5878,WIN,maxhold
WMT,2024-07-08,long,5,68.58,67.25,1.33,69.9,67.25,75.2,67.25,2024-08-05,2.65,-2.65,-1.0,LOSS,stop
WMT,2024-08-08,short,1,68.63,67.68,0.95,66.84,68.63,63.26,68.63,2024-08-12,1.79,-1.79,-1.0,LOSS,stop
WMT,2024-10-16,long,5,80.94,78.98,1.96,81.53,78.98,86.63,84.82,2024-11-18,2.55,3.29,1.2902,WIN,maxhold
WMT,2024-11-22,long,1,88.29,85.91,2.38,89.41,85.91,96.41,91.5,2024-12-23,3.5,2.09,0.5971,WIN,maxhold
WMT,2025-01-03,short,4,92.875,90.13,2.745,90.15,92.875,84.7,92.875,2025-01-10,2.725,-2.725,-1.0,LOSS,stop
WMT,2025-01-27,long,5,94.24,90.12,4.12,95.9,90.12,107.46,95.9,2025-02-27,5.78,0.0,0.0,LOSS,maxhold
WMT,2025-06-03,long,5,98.93,95.0,3.93,99.565,95.0,108.695,95.0,2025-06-12,4.565,-4.565,-1.0,LOSS,stop
WMT,2025-07-14,short,5,99.35,96.38,2.97,94.51,99.35,84.83,99.35,2025-08-04,4.84,-4.84,-1.0,LOSS,stop
WMT,2025-11-28,long,5,108.15,99.68,8.47,109.3,99.68,128.54,111.59,2025-12-29,9.62,2.29,0.238,WIN,maxhold
WMT,2026-01-06,long,1,112.69,111.835,0.855,112.4,111.835,113.53,113.53,2026-01-07,0.565,1.13,2.0,WIN,target
WMT,2026-01-14,long,3,118.84,109.8124,9.0276,120.19,109.8124,140.9452,133.11,2026-02-17,10.3776,12.92,1.245,WIN,maxhold
WMT,2026-03-23,short,5,127.19,119.27,7.92,120.48,127.19,107.06,127.19,2026-04-08,6.71,-6.71,-1.0,LOSS,stop
XOM,2018-02-07,short,3,89.25,82.9978,6.2522,78.44,89.25,56.82,74.87,2018-03-12,10.81,3.57,0.3302,WIN,maxhold
XOM,2018-05-11,long,5,80.24,75.4038,4.8362,81.18,75.4038,92.7324,83.72,2018-06-11,5.7762,2.54,0.4397,WIN,maxhold
XOM,2018-06-22,short,5,83.75,80.3,3.45,81.16,83.75,75.98,83.75,2018-07-10,2.59,-2.59,-1.0,LOSS,stop
XOM,2019-04-08,long,5,81.95,80.02,1.93,82.67,80.02,87.97,80.02,2019-04-26,2.65,-2.65,-1.0,LOSS,stop
XOM,2019-05-03,short,3,80.525,78.62,1.905,77.79,80.525,72.32,72.32,2019-05-29,2.735,5.47,2.0,WIN,target
XOM,2020-06-04,long,5,47.45,44.37,3.08,48.88,44.37,57.9,44.37,2020-06-24,4.51,-4.51,-1.0,LOSS,stop
XOM,2021-01-12,long,5,45.57,40.97,4.6,47.46,40.97,60.44,49.43,2021-02-12,6.49,1.97,0.3035,WIN,maxhold
XOM,2021-06-03,long,1,59.7,58.02,1.68,60.55,58.02,65.61,62.75,2021-07-06,2.53,2.2,0.8696,WIN,maxhold
XOM,2021-07-16,short,4,61.81,59.31,2.5,59.18,61.81,53.92,56.02,2021-08-16,2.63,3.16,1.2015,WIN,maxhold
XOM,2021-11-23,short,5,65.37,63.22,2.15,62.19,65.37,55.83,60.93,2021-12-27,3.18,1.26,0.3962,WIN,maxhold
XOM,2022-01-06,long,5,63.6,60.7,2.9,68.0,60.7,82.6,81.14,2022-02-07,7.3,13.14,1.8,WIN,maxhold
XOM,2022-03-07,long,5,82.15,74.03,8.12,84.92,74.03,106.7,83.83,2022-04-07,10.89,-1.09,-0.1001,LOSS,maxhold
XOM,2022-05-04,long,5,88.135,79.29,8.845,89.5,79.29,109.92,99.18,2022-06-06,10.21,9.68,0.9481,WIN,maxhold
XOM,2022-08-02,long,2,93.25,89.4,3.85,94.69,89.4,105.27,89.4,2022-08-04,5.29,-5.29,-1.0,LOSS,stop
XOM,2022-08-24,long,5,95.31,89.66,5.65,98.01,89.66,114.71,89.66,2022-09-23,8.35,-8.35,-1.0,LOSS,stop
XOM,2023-01-09,long,5,110.5,105.49,5.01,111.64,105.49,123.94,105.49,2023-01-24,6.15,-6.15,-1.0,LOSS,stop
XOM,2023-05-05,short,4,119.92,107.755,12.165,108.55,119.92,85.81,107.19,2023-06-05,11.37,1.36,0.1196,WIN,maxhold
XOM,2023-08-10,long,5,109.24,104.57,4.67,110.19,104.57,121.43,116.18,2023-09-11,5.62,5.99,1.0658,WIN,maxhold
XOM,2023-10-09,short,5,119.18,108.7,10.48,110.44,119.18,92.96,103.67,2023-11-09,8.74,6.77,0.7746,WIN,maxhold
XOM,2024-03-11,long,5,107.98,104.03,3.95,108.25,104.03,116.69,116.69,2024-04-01,4.22,8.44,2.0,WIN,target
XOM,2024-09-06,short,5,119.41,114.04,5.37,113.59,119.41,101.95,119.41,2024-10-01,5.82,-5.82,-1.0,LOSS,stop
XOM,2024-10-31,short,1,119.1719,117.0701,2.1018,117.15,119.1719,113.1062,119.1719,2024-11-01,2.0219,-2.0219,-1.0,LOSS,stop
XOM,2025-03-20,long,5,114.54,107.625,6.915,114.72,107.625,128.91,107.625,2025-04-04,7.095,-7.095,-1.0,LOSS,stop
XOM,2025-09-29,long,5,115.76,111.56,4.2,116.06,111.56,125.06,111.56,2025-10-01,4.5,-4.5,-1.0,LOSS,stop
XOM,2025-10-24,long,5,113.57,110.385,3.185,116.35,110.385,128.28,117.2,2025-11-24,5.965,0.85,0.1425,WIN,maxhold
XOM,2025-12-30,long,5,120.05,115.63,4.42,121.1,115.63,132.04,132.04,2026-01-21,5.47,10.94,2.0,WIN,target
XOM,2026-03-24,long,5,160.45,152.975,7.475,161.71,152.975,179.18,152.975,2026-04-08,8.735,-8.735,-1.0,LOSS,stop
XOM,2026-04-14,short,1,159.23,154.31,4.92,150.065,159.23,131.735,149.5,2026-04-22,9.165,0.565,0.0616,WIN,maxhold
