ticker,timeframe_min,date,time,div_type,expected_dir,spo_value,entry_price,price_level,move_5b,move_5b_pct,mfe_5b,mae_5b,n_bars_5b,move_15b,move_15b_pct,mfe_15b,mae_15b,n_bars_15b,move_30b,move_30b_pct,mfe_30b,mae_30b,n_bars_30b,move_eod,move_eod_pct,mfe_eod,mae_eod,n_bars_eod
SPY,3,2018-01-03,10:33,bear,down,107.73,269.94,269.9899,0.02,0.0074,0.07,0.13,5,0.01,0.0037,0.21,0.13,15,0.02,0.0074,0.21,0.13,30,-0.54,-0.2,0.21,0.7,109
SPY,5,2018-01-03,10:35,bear,down,128.5,269.9801,269.99,0.1502,0.0556,0.2501,0.0899,5,0.0901,0.0334,0.2501,0.0899,15,-0.3399,-0.1259,0.2501,0.4799,30,-0.4699,-0.174,0.2501,0.6599,65
SPY,10,2018-01-03,13:00,bear,down,105.61,270.32,270.46,0.28,0.1036,0.35,0.04,5,-0.195,-0.0721,0.35,0.22,15,-0.15,-0.0555,0.35,0.32,18,-0.15,-0.0555,0.35,0.32,18
SPY,5,2018-01-04,10:40,bear,down,108.49,271.96,272.1,0.15,0.0552,0.19,0.05,5,0.33,0.1213,0.53,0.05,15,0.17,0.0625,1.4153,0.05,30,0.41,0.1508,1.4153,0.1,64
SPY,3,2018-01-16,14:45,bull,up,-106.63,276.525,276.42,0.57,0.2061,0.615,0.015,5,0.805,0.2911,1.025,0.015,15,0.865,0.3128,1.065,0.015,25,0.865,0.3128,1.065,0.015,25
SPY,3,2018-01-17,09:45,bear,down,-107.25,277.43,277.685,-0.18,-0.0649,0.24,0.28,5,-0.39,-0.1406,0.24,0.57,15,-1.03,-0.3713,0.46,1.05,30,-2.06,-0.7425,0.46,2.62,125
SPY,5,2018-01-17,09:50,hidden_bull,up,-121.92,277.56,277.19,0.29,0.1045,0.44,0.36,5,0.65,0.2342,0.65,0.59,15,1.05,0.3783,1.14,0.59,30,1.91,0.6881,2.49,0.59,74
SPY,5,2018-01-17,09:55,bear,down,-103.78,277.28,277.71,-0.46,-0.1659,0.0075,0.72,5,-1.05,-0.3787,0.31,1.08,15,-1.36,-0.4905,0.31,1.43,30,-2.19,-0.7898,0.31,2.77,73
SPY,3,2018-01-23,09:51,bear,down,115.96,282.98,283.31,0.46,0.1626,0.61,0.02,5,-0.06,-0.0212,0.61,0.2,15,-0.43,-0.152,0.61,0.64,30,-0.12,-0.0424,0.61,0.64,123
SPY,10,2018-02-06,09:30,bull,up,-114.67,263.88,260.24,-0.58,-0.2198,3.95,1.32,5,0.35,0.1326,3.95,2.5,15,-0.36,-0.1364,3.95,2.5,30,4.93,1.8683,5.82,2.5,39
SPY,5,2018-02-06,09:55,hidden_bear,down,103.88,265.79,267.67,2.45,0.9218,3.23,2.04,5,3.1101,1.1701,4.41,2.04,15,0.45,0.1693,4.41,2.04,30,-2.9,-1.0911,4.41,3.91,73
SPY,3,2018-02-06,09:57,hidden_bear,down,111.42,265.79,267.78,0.7,0.2634,0.7299,2.04,5,2.7,1.0158,4.41,2.04,15,3.03,1.14,4.41,2.04,30,-3.39,-1.2754,4.41,3.91,121
SPY,10,2018-02-21,09:50,hidden_bear,down,109.69,272.68,273.06,-0.46,-0.1687,0.33,0.7,5,-0.11,-0.0403,0.33,0.96,15,-0.55,-0.2017,0.33,2.04,30,3.28,1.2029,3.37,2.04,37
SPY,5,2018-02-22,09:40,hidden_bear,down,100.17,271.73,272.11,0.07,0.0258,0.97,0.04,5,-0.01,-0.0037,0.97,0.6085,15,-0.92,-0.3386,0.97,1.32,30,0.9,0.3312,2.09,1.32,76
SPY,3,2018-02-22,09:42,hidden_bear,down,111.93,271.73,272.27,0.5,0.184,0.97,0.04,5,0.06,0.0221,0.97,0.2,15,-0.725,-0.2668,0.97,0.82,30,1.02,0.3754,2.09,1.32,126
SPY,3,2018-03-05,11:48,bear,down,104.22,271.36,271.54,-0.249,-0.0918,0.34,0.34,5,0.18,0.0663,0.5,0.39,15,-0.51,-0.1879,0.5,0.87,30,-0.71,-0.2616,0.6979,1.53,84
SPY,5,2018-03-27,09:50,hidden_bull,up,-110.35,265.07,264.79,-0.16,-0.0604,0.95,0.51,5,0.08,0.0302,0.95,0.6,15,1.24,0.4678,1.7,0.6,30,-4.08,-1.5392,1.7,6.23,74
SPY,3,2018-03-27,15:33,bull,up,-116.99,260.32,259.79,-0.67,-0.2574,0.48,1.48,5,0.64,0.2459,0.81,1.48,9,0.64,0.2459,0.81,1.48,9,0.64,0.2459,0.81,1.48,9
SPY,3,2018-03-27,15:48,bull,up,-110.01,259.65,258.88,1.31,0.5045,1.48,0.03,4,1.31,0.5045,1.48,0.03,4,1.31,0.5045,1.48,0.03,4,1.31,0.5045,1.48,0.03,4
SPY,3,2018-04-02,11:42,bull,up,-113.81,257.18,256.63,0.19,0.0739,0.8289,0.28,5,0.12,0.0467,0.8289,0.86,15,-0.25,-0.0972,1.09,0.86,30,0.26,0.1011,1.09,2.51,86
SPY,5,2018-04-02,11:45,bull,up,-124.53,257.68,256.63,-0.84,-0.326,0.3289,1.36,5,-0.52,-0.2018,0.59,1.36,15,-1.96,-0.7606,0.59,3.01,30,-0.39,-0.1514,0.59,3.01,51
SPY,3,2018-04-16,09:42,hidden_bull,up,-111.65,266.4682,266.11,-0.0282,-0.0106,0.2818,0.3082,5,0.6218,0.2333,0.6818,0.3082,15,0.1018,0.0382,0.7318,0.3082,30,1.0118,0.3797,1.7318,0.3082,126
SPY,3,2018-04-24,09:36,hidden_bull,up,-101.16,267.63,267.35,-0.33,-0.1233,0.3462,0.4108,5,-1.14,-0.426,0.3462,1.175,15,-1.59,-0.5941,0.3462,1.798,30,-4.42,-1.6515,0.3462,6.35,128
SPY,5,2018-05-03,10:40,bull,up,-105.12,259.705,259.34,0.1949,0.075,0.335,0.655,5,0.8098,0.3118,1.005,0.655,15,2.215,0.8529,2.995,0.655,30,3.165,1.2187,3.655,0.655,64
SPY,5,2018-05-04,11:35,bear,down,109.49,265.1274,265.27,-0.1876,-0.0708,0.3374,0.2226,5,-0.3326,-0.1254,0.3374,0.4926,15,-1.0681,-0.4029,0.3374,1.1326,30,-0.8626,-0.3254,0.3374,1.6618,53
SPY,3,2018-05-04,11:36,bear,down,100.16,265.22,265.33,0.4,0.1508,0.41,0.03,5,-0.12,-0.0452,0.43,0.15,15,-0.4,-0.1508,0.43,0.44,30,-0.74,-0.279,0.43,1.5692,88
SPY,5,2018-05-10,12:40,bear,down,104.35,272.1001,272.26,-0.1799,-0.0661,0.1401,0.1999,5,0.3801,0.1397,0.5501,0.2899,15,0.2901,0.1066,0.9001,0.2899,30,0.2401,0.0882,0.9001,0.2899,40
SPY,5,2018-06-07,09:30,bear,down,101.27,277.76,277.53,-0.27,-0.0972,0.1,0.52,5,0.38,0.1368,0.84,0.52,15,0.26,0.0936,0.84,0.52,30,-0.01,-0.0036,1.42,0.52,78
SPY,3,2018-06-25,10:06,bull,up,-163.13,271.78,271.45,-0.5,-0.184,0.0,0.72,5,0.14,0.0515,0.39,0.72,15,-1.34,-0.493,0.39,1.58,30,-1.17,-0.4305,0.39,2.68,118
SPY,10,2018-06-25,11:40,bull,up,-118.52,270.93,270.2,-0.76,-0.2805,0.03,1.48,5,-0.54,-0.1993,0.28,1.48,15,0.01,0.0037,0.58,1.83,26,0.01,0.0037,0.58,1.83,26
SPY,5,2018-08-02,10:25,hidden_bear,down,108.77,280.55,280.66,0.32,0.1141,0.32,0.36,5,-0.435,-0.1551,0.42,0.54,15,-1.25,-0.4456,0.42,1.4,30,-1.92,-0.6844,0.42,2.03,67
SPY,3,2018-08-06,12:39,bear,down,106.79,284.74,284.8,-0.019,-0.0067,0.03,0.066,5,0.06,0.0211,0.07,0.25,15,0.27,0.0948,0.365,0.25,30,0.03,0.0105,0.365,0.25,67
SPY,5,2018-08-06,13:10,bear,down,107.68,284.86,284.96,0.2301,0.0808,0.339,0.13,5,0.1798,0.0631,0.485,0.13,15,0.23,0.0807,0.485,0.13,30,0.14,0.0491,0.485,0.13,34
SPY,5,2018-09-27,10:10,hidden_bear,down,101.59,291.0,291.12,-0.35,-0.1203,0.03,0.415,5,-0.37,-0.1271,0.03,0.59,15,-0.775,-0.2663,0.03,0.86,30,0.49,0.1684,0.59,0.91,70
SPY,10,2018-09-27,10:50,hidden_bear,down,111.74,291.41,291.51,-0.055,-0.0189,0.19,0.18,5,-0.1,-0.0343,0.19,0.5,15,0.76,0.2608,1.0,0.5,30,0.78,0.2677,1.0,0.5,31
SPY,10,2018-10-10,11:20,bull,up,-127.27,283.51,283.12,0.345,0.1217,0.36,0.77,5,-0.66,-0.2328,0.37,1.2,15,-5.89,-2.0775,0.37,6.34,28,-5.89,-2.0775,0.37,6.34,28
SPY,5,2018-10-10,11:25,bull,up,-101.54,283.51,282.69,-0.0339,-0.012,0.24,0.76,5,-0.5,-0.1764,0.37,0.77,15,-0.66,-0.2328,0.37,1.2,30,-5.79,-2.0423,0.37,6.34,55
SPY,3,2018-11-12,11:03,bull,up,-100.71,274.28,274.08,-0.83,-0.3026,0.29,0.89,5,-0.62,-0.226,0.29,1.27,15,-0.3997,-0.1457,0.36,1.27,30,-1.38,-0.5031,0.66,2.29,99
SPY,5,2018-11-12,11:05,bull,up,-104.89,274.48,274.08,-1.06,-0.3862,0.005,1.47,5,-0.15,-0.0546,0.16,1.47,15,-0.86,-0.3133,0.16,1.47,30,-1.68,-0.6121,0.46,2.49,59
SPY,10,2018-11-28,13:50,bear,down,106.68,273.3,273.49,0.06,0.022,0.41,0.28,5,-0.81,-0.2964,0.7527,1.28,13,-0.81,-0.2964,0.7527,1.28,13,-0.81,-0.2964,0.7527,1.28,13
SPY,5,2018-12-04,13:30,bull,up,-103.0,271.78,271.12,0.46,0.1693,0.77,1.4,5,1.44,0.5298,1.57,1.4,15,-1.3,-0.4783,1.57,1.88,30,-1.3,-0.4783,1.57,1.88,30
SPY,3,2018-12-28,09:30,bear,down,110.58,249.2,248.78,-0.9,-0.3612,0.89,0.91,5,0.55,0.2207,1.02,0.91,15,1.645,0.6601,2.75,0.91,30,1.55,0.622,2.75,2.2,130
SPY,3,2019-01-03,10:39,bull,up,-102.38,244.57,244.16,0.69,0.2821,0.8,0.54,5,1.26,0.5152,1.97,0.54,15,2.45,1.0018,3.61,0.54,30,-0.29,-0.1186,3.61,0.9,107
SPY,5,2019-01-03,10:45,bull,up,-103.07,244.387,244.03,1.588,0.6498,1.8019,0.187,5,2.333,0.9546,3.793,0.187,15,0.693,0.2836,3.793,0.187,30,-0.217,-0.0888,3.793,0.717,63
SPY,3,2019-01-15,10:06,bear,down,124.69,259.79,259.96,0.92,0.3541,1.17,0.02,5,0.35,0.1347,1.17,0.02,15,0.41,0.1578,1.17,0.03,30,-0.39,-0.1501,1.17,0.91,118
SPY,3,2019-01-17,09:45,hidden_bear,down,102.31,260.64,260.74,-0.25,-0.0959,0.05,0.56,5,-0.38,-0.1458,0.1,0.63,15,-0.87,-0.3338,0.1,0.91,30,-2.28,-0.8748,0.1,3.28,125
SPY,5,2019-01-17,10:00,hidden_bear,down,106.43,260.83,261.2,-0.29,-0.1112,0.29,0.44,5,-0.53,-0.2032,0.29,0.72,15,-0.79,-0.3029,0.29,0.87,30,-2.07,-0.7936,0.29,3.09,72
SPY,5,2019-01-30,15:00,bear,down,103.21,268.04,268.52,0.605,0.2257,0.74,0.015,5,0.74,0.2761,1.04,0.015,12,0.74,0.2761,1.04,0.015,12,0.74,0.2761,1.04,0.015,12
SPY,5,2019-01-31,12:00,bear,down,104.91,270.1,270.39,0.38,0.1407,0.38,0.37,5,0.64,0.2369,0.81,0.37,15,0.78,0.2888,0.93,0.37,30,-0.2,-0.074,1.15,0.37,48
SPY,3,2019-03-04,12:18,bull,up,-118.39,277.38,277.19,0.4,0.1442,0.56,0.29,5,-0.2653,-0.0956,0.56,0.47,15,0.875,0.3155,0.879,0.54,30,1.93,0.6958,2.11,0.54,74
SPY,5,2019-03-05,09:55,hidden_bull,up,-109.11,278.72,278.41,0.29,0.104,0.7,0.13,5,0.4999,0.1794,0.7,0.17,15,0.46,0.165,0.96,0.17,30,0.28,0.1005,1.04,0.17,73
SPY,3,2019-03-07,10:21,bull,up,-106.1,274.8036,274.36,0.2164,0.0787,0.4964,0.1436,5,0.2664,0.0969,0.6764,0.1639,15,0.8064,0.2934,1.0864,0.1639,30,0.4064,0.1479,1.4964,0.7336,113
SPY,3,2019-03-11,10:21,bear,down,106.08,276.7,276.705,-0.01,-0.0036,0.12,0.13,5,-0.7751,-0.2801,0.12,0.78,15,-0.91,-0.3289,0.12,1.04,30,-1.7,-0.6144,1.02,1.92,113
SPY,3,2019-03-11,11:09,bear,down,110.99,277.44,277.48,0.0564,0.0203,0.09,0.15,5,-0.2502,-0.0902,0.09,0.3,15,-0.28,-0.1009,0.09,0.54,30,-0.96,-0.346,1.76,1.18,97
SPY,3,2019-03-20,09:39,bull,up,-101.63,281.59,281.39,-0.01,-0.0036,0.16,0.14,5,-0.27,-0.0959,0.205,0.51,15,0.1,0.0355,0.26,0.51,30,-0.24,-0.0852,1.91,1.27,127
SPY,3,2019-03-20,14:33,bear,down,102.5,283.21,283.35,-0.16,-0.0565,0.23,0.29,5,0.36,0.1271,0.7,0.29,15,1.86,0.6568,2.0,0.29,29,1.86,0.6568,2.0,0.29,29
SPY,5,2019-03-20,14:40,bear,down,113.16,283.14,283.39,0.3265,0.1153,0.63,0.36,5,1.61,0.5686,1.72,0.36,15,1.84,0.6499,1.93,0.36,16,1.84,0.6499,1.93,0.36,16
SPY,3,2019-03-21,09:42,hidden_bear,down,155.35,281.725,281.83,-0.4,-0.142,0.025,0.695,5,-0.885,-0.3141,0.025,0.995,15,-1.625,-0.5768,0.025,1.885,30,-2.775,-0.985,0.025,3.455,126
SPY,5,2019-03-21,09:55,hidden_bear,down,142.0,282.125,282.07,-0.23,-0.0815,0.025,0.495,5,-1.225,-0.4342,0.025,1.485,15,-1.335,-0.4732,0.025,2.125,30,-2.445,-0.8666,0.025,3.055,73
SPY,10,2019-03-21,10:10,hidden_bear,down,111.57,282.23,282.61,-1.13,-0.4004,0.04,1.38,5,-1.26,-0.4464,0.04,2.02,15,-2.475,-0.8769,0.04,2.95,30,-2.55,-0.9035,0.04,2.95,35
SPY,5,2019-03-21,10:35,bear,down,121.61,282.77,282.78,-0.73,-0.2582,0.19,0.84,5,-1.16,-0.4102,0.19,1.19,15,-1.19,-0.4208,0.19,1.48,30,-1.8,-0.6366,0.19,2.41,65
SPY,5,2019-03-21,10:50,hidden_bull,up,100.48,283.003,282.58,0.3267,0.1154,0.607,0.153,5,0.917,0.324,1.247,0.153,15,0.907,0.3205,1.247,0.153,30,1.567,0.5537,2.177,0.153,62
SPY,3,2019-03-21,12:00,bear,down,101.16,284.01,284.25,0.15,0.0528,0.205,0.05,5,0.59,0.2077,0.75,0.05,15,-0.155,-0.0546,0.75,0.19,30,-0.49,-0.1725,0.75,1.17,80
SPY,5,2019-03-21,12:00,bear,down,111.08,283.9485,284.25,0.4885,0.172,0.5485,0.1115,5,0.1085,0.0382,0.6885,0.1115,15,-0.8065,-0.284,0.6885,0.9165,30,-0.6215,-0.2189,0.6885,1.2315,48
SPY,3,2019-04-17,09:48,hidden_bull,up,-128.46,290.45,290.33,-0.62,-0.2135,0.0,0.75,5,-0.18,-0.062,0.0,0.87,15,-0.53,-0.1825,0.0,0.87,30,-1.11,-0.3822,0.0,1.46,124
SPY,3,2019-04-22,09:54,hidden_bear,down,109.9,289.75,289.86,0.1,0.0345,0.12,0.32,5,-0.01,-0.0035,0.22,0.32,15,-0.25,-0.0863,0.22,0.35,30,-0.61,-0.2105,0.22,0.685,122
SPY,5,2019-04-22,10:05,hidden_bear,down,104.89,289.79,289.97,-0.04,-0.0138,0.26,0.11,5,-0.2701,-0.0932,0.26,0.31,15,-0.3,-0.1035,0.26,0.44,30,-0.64,-0.2208,0.26,0.65,71
SPY,3,2019-05-01,09:36,hidden_bull,up,-107.43,294.67,294.5,-0.18,-0.0611,0.1,0.24,5,-0.24,-0.0814,0.1,0.67,15,-0.2375,-0.0806,0.1,0.67,30,-3.09,-1.0486,0.28,3.11,128
SPY,3,2019-05-02,11:48,bull,up,-121.5,289.94,289.55,0.23,0.0793,0.23,0.42,5,0.65,0.2242,0.68,0.42,15,1.2123,0.4181,1.24,0.42,30,1.13,0.3897,1.54,0.42,84
SPY,5,2019-05-02,11:55,bull,up,-111.17,290.01,289.685,0.38,0.131,0.4,0.29,5,0.815,0.281,0.91,0.29,15,1.14,0.3931,1.47,0.29,30,1.03,0.3552,1.47,0.29,49
SPY,3,2019-05-09,09:57,bull,up,-104.54,284.57,283.97,-0.31,-0.1089,0.015,0.7,5,-0.56,-0.1968,0.015,1.22,15,-1.05,-0.369,0.015,1.27,30,2.32,0.8153,2.76,1.27,121
SPY,3,2019-05-10,11:03,bull,up,-100.55,283.0677,282.37,0.5123,0.181,0.5123,0.2377,5,-0.3477,-0.1228,0.6323,0.5727,15,2.2373,0.7904,2.4723,0.5727,30,4.7823,1.6895,5.8723,0.5727,99
SPY,3,2019-05-16,10:30,bear,down,140.03,288.275,288.37,0.01,0.0035,0.155,0.235,5,-0.405,-0.1405,0.155,0.405,15,-0.545,-0.1891,0.155,0.765,30,0.665,0.2307,1.175,0.935,110
SPY,5,2019-05-16,10:55,hidden_bull,up,110.06,288.5491,288.27,0.0009,0.0003,0.2809,0.3591,5,0.3709,0.1285,0.4909,0.3591,15,0.0609,0.0211,0.6609,0.3591,30,-0.8791,-0.3047,0.6609,1.4491,61
SPY,10,2019-06-18,11:00,bear,down,100.29,293.35,293.49,1.025,0.3494,1.03,0.04,5,1.08,0.3682,1.46,0.04,15,0.95,0.3238,1.46,0.04,30,0.95,0.3238,1.46,0.04,30
SPY,3,2019-07-15,09:39,hidden_bull,up,-143.73,300.675,300.5,-0.155,-0.0516,0.04,0.255,5,0.015,0.005,0.135,0.255,15,-0.105,-0.0349,0.1715,0.305,30,-0.005,-0.0017,0.175,0.485,127
SPY,3,2019-07-15,09:54,bull,up,-113.07,300.52,300.42,0.01,0.0033,0.165,0.02,5,0.04,0.0133,0.3265,0.07,15,0.14,0.0466,0.3265,0.15,30,0.15,0.0499,0.33,0.33,122
SPY,3,2019-08-01,11:03,bear,down,115.64,300.18,300.61,-0.14,-0.0466,0.2,0.21,5,-0.57,-0.1899,0.2,0.69,15,-0.19,-0.0633,0.2,0.69,30,5.18,1.7256,6.22,0.69,99
SPY,5,2019-08-01,11:30,bear,down,100.4,300.71,300.75,0.29,0.0964,0.3,0.16,5,0.26,0.0865,0.64,0.16,15,5.19,1.7259,5.54,0.16,30,5.61,1.8656,6.75,0.16,54
SPY,3,2019-08-13,10:30,bear,down,114.2,293.83,294.15,1.12,0.3812,1.23,0.04,5,1.74,0.5922,1.92,0.04,15,1.0001,0.3404,2.35,0.04,30,1.36,0.4629,2.35,0.04,110
SPY,3,2019-08-30,09:45,hidden_bull,up,-107.37,293.7,293.59,0.29,0.0987,0.43,0.24,5,-0.04,-0.0136,0.48,0.42,15,-1.72,-0.5856,0.48,1.83,30,-1.19,-0.4052,0.48,2.28,125
SPY,3,2019-09-09,09:39,hidden_bull,up,-113.9,298.75,298.56,-0.36,-0.1205,0.03,0.44,5,-0.09,-0.0301,0.03,0.48,15,-0.0601,-0.0201,0.15,0.48,30,-0.73,-0.2444,0.16,1.59,127
SPY,3,2019-09-09,10:00,bull,up,-109.56,298.345,298.3,0.335,0.1123,0.415,0.01,5,0.335,0.1123,0.435,0.01,15,0.3482,0.1167,0.565,0.01,30,-0.325,-0.1089,0.565,1.185,120
SPY,5,2019-09-09,10:00,hidden_bull,up,-109.84,298.48,298.3,0.2,0.067,0.29,0.03,5,0.21,0.0704,0.43,0.03,15,-0.85,-0.2848,0.43,0.96,30,-0.48,-0.1608,0.43,1.32,72
SPY,3,2019-09-10,09:57,bull,up,-111.18,296.33,296.05,-0.15,-0.0506,0.15,0.36,5,0.21,0.0709,0.49,0.36,15,-0.14,-0.0472,0.49,0.36,30,1.67,0.5636,1.87,0.36,121
SPY,5,2019-09-24,12:30,bull,up,-106.78,296.39,295.96,-1.14,-0.3846,-0.01,1.26,5,-0.72,-0.2429,-0.01,1.555,15,-0.54,-0.1822,3.21,1.58,30,-0.25,-0.0843,3.21,1.58,42
SPY,3,2019-09-24,12:33,bull,up,-114.52,296.27,296.105,-0.64,-0.216,0.02,0.89,5,-1.22,-0.4118,0.02,1.23,15,-1.13,-0.3814,3.13,1.435,30,-0.41,-0.1384,3.33,1.46,69
SPY,3,2019-09-24,12:51,hidden_bear,down,-103.15,295.33,295.855,-0.32,-0.1084,0.2,0.48,5,-0.2,-0.0677,0.495,0.48,15,-1.27,-0.43,0.52,4.27,30,-0.53,-0.1795,0.52,4.27,63
SPY,3,2019-09-24,12:57,bull,up,-109.96,295.25,295.19,0.12,0.0406,0.56,0.17,5,0.36,0.1219,0.56,0.415,15,1.35,0.4572,4.35,0.44,30,0.61,0.2066,4.35,0.44,61
SPY,5,2019-10-01,11:05,bull,up,-102.93,295.34,294.85,0.05,0.0169,0.29,0.43,5,-1.3124,-0.4444,0.29,1.5,15,-2.08,-0.7043,0.29,2.28,30,-2.06,-0.6975,1.4954,2.34,59
SPY,10,2019-10-01,13:40,bull,up,-107.81,293.48,293.06,0.325,0.1107,3.3554,0.48,5,-0.34,-0.1159,3.3554,0.48,14,-0.34,-0.1159,3.3554,0.48,14,-0.34,-0.1159,3.3554,0.48,14
SPY,5,2019-10-02,10:40,bull,up,-105.86,288.47,288.32,0.32,0.1109,0.41,0.49,5,-0.25,-0.0867,0.41,1.01,15,-0.89,-0.3085,0.41,1.83,30,-0.83,-0.2877,0.48,1.83,64
SPY,3,2019-10-02,10:42,bull,up,-105.24,288.47,288.08,-0.08,-0.0277,0.27,0.49,5,-0.26,-0.0901,0.41,0.49,15,-0.87,-0.3016,0.41,1.01,30,-0.59,-0.2045,0.48,1.83,106
SPY,5,2019-10-10,11:15,bear,down,106.03,294.11,294.21,0.3,0.102,0.32,0.03,5,1.3006,0.4422,1.35,0.03,15,0.9,0.306,1.5,0.03,30,0.66,0.2244,2.07,0.03,57
SPY,3,2019-10-15,11:03,bear,down,141.04,299.33,299.6,0.24,0.0802,0.35,0.16,5,0.14,0.0468,0.46,0.16,15,0.22,0.0735,0.46,0.16,30,0.27,0.0902,0.51,0.37,99
SPY,5,2019-10-24,10:05,hidden_bull,up,-109.96,299.8,299.54,-0.18,-0.06,0.09,0.3399,5,0.45,0.1501,0.5,0.3399,15,0.4,0.1334,0.925,0.3399,30,0.41,0.1368,0.925,0.3399,71
SPY,3,2019-11-05,09:39,hidden_bull,up,-113.23,307.3465,307.2096,0.1185,0.0386,0.1535,0.1365,5,-0.3465,-0.1127,0.573,0.5265,15,-0.1765,-0.0574,0.573,0.6365,30,-0.3865,-0.1258,0.573,0.6365,127
SPY,3,2019-11-11,09:30,bear,down,100.83,307.35,309.0,-0.5571,-0.1813,0.03,0.58,5,-0.75,-0.244,0.03,0.77,15,-0.71,-0.231,0.03,0.84,30,-1.14,-0.3709,0.03,1.25,130
SPY,3,2019-11-12,10:27,bear,down,115.83,309.7967,309.81,-0.1233,-0.0398,0.0867,0.1933,5,0.0717,0.0231,0.1967,0.1933,15,0.4164,0.1344,1.3823,0.1933,30,0.9667,0.312,1.6467,0.1933,111
SPY,3,2019-11-12,10:42,bear,down,111.52,309.92,309.99,0.1684,0.0543,0.18,0.04,5,0.22,0.071,0.32,0.04,15,0.51,0.1646,1.5056,0.04,30,1.09,0.3517,1.77,0.04,106
SPY,3,2019-11-19,09:39,hidden_bull,up,-105.68,312.3,312.22,-0.19,-0.0608,0.01,0.33,5,-0.42,-0.1345,0.01,0.54,15,-0.805,-0.2578,0.01,1.08,30,-0.55,-0.1761,0.17,1.08,127
SPY,5,2019-11-19,09:45,hidden_bull,up,-103.9,312.24,312.16,-0.32,-0.1025,0.03,0.48,5,-0.75,-0.2402,0.03,1.02,15,-0.3,-0.0961,0.23,1.02,30,-0.44,-0.1409,0.23,1.02,75
SPY,3,2019-11-19,09:51,bear,down,-104.63,312.02,312.31,0.155,0.0497,0.26,0.15,5,0.12,0.0385,0.3,0.15,15,0.3331,0.1068,0.8,0.15,30,0.27,0.0865,0.8,0.45,123
SPY,3,2019-11-19,10:06,bull,up,-110.37,311.865,311.81,0.025,0.008,0.225,0.075,5,-0.535,-0.1715,0.225,0.595,15,0.4667,0.1496,0.525,0.645,30,-0.115,-0.0369,0.605,0.645,118
SPY,10,2019-11-19,10:10,hidden_bull,up,-111.72,312.0038,311.76,-0.5038,-0.1615,0.0362,0.7838,5,-0.1388,-0.0445,0.4662,0.7838,15,0.2162,0.0693,0.4662,0.7838,30,-0.1838,-0.0589,0.4662,0.7838,35
SPY,5,2019-11-19,11:00,bull,up,-100.6,311.49,311.22,0.35,0.1124,0.4,0.07,5,0.45,0.1445,0.98,0.07,15,0.53,0.1701,0.98,0.07,30,0.31,0.0995,0.98,0.07,60
SPY,3,2019-11-25,10:36,bear,down,103.54,313.06,313.15,0.075,0.024,0.11,0.09,5,0.14,0.0447,0.355,0.09,15,0.17,0.0543,0.355,0.09,30,-0.22,-0.0703,0.355,0.32,108
SPY,10,2019-12-06,11:40,bear,down,118.87,315.155,315.28,-0.045,-0.0143,0.125,0.045,5,0.225,0.0714,0.235,0.155,15,0.385,0.1222,0.485,0.155,26,0.385,0.1222,0.485,0.155,26
SPY,3,2019-12-09,09:48,hidden_bear,down,116.16,315.02,315.12,0.01,0.0032,0.08,0.1,5,-0.005,-0.0016,0.08,0.16,15,0.26,0.0825,0.3,0.16,30,1.41,0.4476,1.48,0.16,124
SPY,5,2019-12-09,09:55,hidden_bear,down,106.55,314.95,315.1,-0.06,-0.0191,-0.01,0.23,5,0.13,0.0413,0.17,0.23,15,0.4,0.127,0.5,0.23,30,1.32,0.4191,1.41,0.23,73
SPY,10,2019-12-20,09:40,hidden_bear,down,110.08,320.65,320.9,-0.15,-0.0468,0.15,0.26,5,-0.43,-0.1341,1.2627,1.3242,15,-0.6234,-0.1944,1.2627,1.3242,30,-0.37,-0.1154,1.2627,1.3242,38
SPY,5,2019-12-27,10:00,hidden_bull,up,-118.07,322.71,322.51,0.335,0.1038,0.38,0.08,5,0.61,0.189,0.71,0.08,15,0.36,0.1116,0.77,0.08,30,-0.07,-0.0217,0.77,0.43,72
SPY,3,2019-12-30,10:15,bull,up,-135.53,320.94,320.77,-0.2,-0.0623,0.11,0.31,5,0.063,0.0196,0.31,0.31,15,0.6,0.187,0.62,0.31,30,0.29,0.0904,1.12,0.31,115
SPY,3,2020-01-02,09:30,bear,down,104.78,323.5214,322.19,-0.3386,-0.1047,0.0214,0.5086,5,0.5914,0.1828,0.8114,0.5086,15,0.2914,0.0901,0.9114,0.5086,30,-1.3086,-0.4045,0.9914,1.3586,130
SPY,5,2020-02-03,10:30,bear,down,118.33,325.79,326.16,0.61,0.1872,0.87,0.105,5,1.88,0.5771,2.03,0.105,15,1.05,0.3223,2.07,0.105,30,1.93,0.5924,2.08,0.105,66
SPY,3,2020-02-10,10:39,bear,down,110.26,333.53,333.66,0.165,0.0495,0.24,0.15,5,0.1101,0.033,0.4,0.15,15,0.23,0.069,0.46,0.1782,30,-1.26,-0.3778,0.65,1.27,107
SPY,3,2020-02-11,09:30,bear,down,107.05,335.97,334.8,-0.13,-0.0387,0.46,0.255,5,-0.9053,-0.2695,1.286,0.9663,15,-0.72,-0.2143,1.286,1.05,30,0.61,0.1816,1.286,1.05,130
SPY,3,2020-03-26,09:39,hidden_bear,down,112.24,251.5299,252.749,-1.8601,-0.7395,1.7489,1.9661,5,-4.6501,-1.8487,1.7489,5.9701,15,-4.2901,-1.7056,1.7489,5.9701,30,-9.9901,-3.9717,1.7489,11.2701,127
SPY,5,2020-03-26,09:40,hidden_bear,down,104.21,251.36,252.89,-4.18,-1.663,1.579,4.23,5,-4.2,-1.6709,1.579,6.14,15,-6.31,-2.5103,1.579,7.67,30,-9.23,-3.672,1.579,11.44,76
SPY,3,2020-05-11,13:15,bear,down,100.98,293.4223,293.585,-0.2977,-0.1015,0.0323,0.4177,5,0.1521,0.0518,0.2423,0.5777,15,-0.0027,-0.0009,0.7123,0.5777,30,1.1623,0.3961,1.2323,0.5777,55
SPY,3,2020-05-11,13:42,bear,down,100.88,293.574,294.0,0.2141,0.0729,0.234,0.136,5,0.6981,0.2378,0.864,0.136,15,-0.076,-0.0259,0.864,0.426,30,1.314,0.4476,1.384,0.426,46
SPY,3,2020-05-13,12:18,bull,up,-106.17,280.12,279.91,0.87,0.3106,1.3299,0.03,5,0.48,0.1714,1.82,0.03,15,0.97,0.3463,1.95,0.03,30,1.78,0.6354,1.97,1.155,74
SPY,10,2020-05-13,12:20,bull,up,-112.53,281.1386,279.61,0.7714,0.2744,0.9314,0.7086,5,-1.4658,-0.5214,0.9314,1.4686,15,0.4514,0.1606,1.1714,2.1736,22,0.4514,0.1606,1.1714,2.1736,22
SPY,3,2020-05-27,09:39,hidden_bull,up,-110.84,301.36,301.31,-1.3201,-0.438,0.13,1.79,5,-1.355,-0.4496,0.13,2.09,15,-2.92,-0.9689,0.13,4.49,30,2.25,0.7466,2.27,4.49,127
SPY,5,2020-05-27,09:55,hidden_bull,up,-124.8,299.89,299.57,-0.04,-0.0133,0.7,0.62,5,-1.55,-0.5169,0.7,3.02,15,-0.16,-0.0534,0.7,3.02,30,3.67,1.2238,3.74,3.02,73
SPY,5,2020-06-11,12:55,bull,up,-100.56,304.23,303.9083,1.495,0.4914,1.64,0.3,5,-0.92,-0.3024,1.64,1.24,15,-3.52,-1.157,1.64,3.98,30,-3.1499,-1.0354,1.64,4.22,37
SPY,3,2020-06-26,10:39,bull,up,-114.61,301.69,301.28,-0.44,-0.1458,0.43,1.0,5,0.28,0.0928,1.15,1.0,15,0.18,0.0597,1.22,1.0,30,-0.78,-0.2585,1.22,2.27,107
SPY,10,2020-07-08,10:00,hidden_bear,down,100.65,315.91,316.19,0.52,0.1646,0.87,0.39,5,1.38,0.4368,3.21,0.39,15,0.91,0.2881,3.21,0.39,30,-0.45,-0.1424,3.21,0.51,36
SPY,3,2020-07-09,09:45,hidden_bull,up,-121.31,315.63,315.52,0.67,0.2123,0.72,0.28,5,-0.27,-0.0855,0.77,1.05,15,-4.12,-1.3053,0.77,4.53,30,-1.13,-0.358,0.77,4.95,125
SPY,3,2020-07-13,15:54,bull,up,-117.98,314.765,314.43,-0.385,-0.1223,2.8928,0.385,2,-0.385,-0.1223,2.8928,0.385,2,-0.385,-0.1223,2.8928,0.385,2,-0.385,-0.1223,2.8928,0.385,2
SPY,5,2020-08-11,15:55,bull,up,-105.23,332.82,332.01,-0.25,-0.0751,0.05,0.63,1,-0.25,-0.0751,0.05,0.63,1,-0.25,-0.0751,0.05,0.63,1,-0.25,-0.0751,0.05,0.63,1
SPY,5,2020-08-25,09:40,hidden_bull,up,-116.89,343.12,342.88,-0.53,-0.1545,0.255,0.58,5,-0.375,-0.1093,0.255,0.85,15,-0.67,-0.1953,0.36,0.85,30,1.11,0.3235,1.13,0.85,76
SPY,10,2020-08-26,14:30,bear,down,113.71,347.1,347.86,-0.62,-0.1786,0.8,0.64,5,-0.75,-0.2161,0.8,0.78,9,-0.75,-0.2161,0.8,0.78,9,-0.75,-0.2161,0.8,0.78,9
SPY,3,2020-09-03,10:51,bull,up,-103.43,351.27,350.3507,-2.87,-0.817,0.43,2.92,5,-3.43,-0.9765,0.43,6.069,15,-3.16,-0.8996,0.43,6.069,30,-4.72,-1.3437,0.43,8.68,103
SPY,5,2020-09-10,09:35,hidden_bear,down,100.43,341.98,342.22,-0.4597,-0.1344,0.7752,0.46,5,1.38,0.4035,2.11,0.55,15,2.67,0.7807,3.86,0.55,30,8.13,2.3773,9.13,0.55,77
SPY,3,2020-09-14,10:24,bear,down,109.78,340.075,340.18,0.365,0.1073,0.475,0.305,5,0.785,0.2308,0.795,0.305,15,0.175,0.0515,0.865,0.305,30,1.425,0.419,5.8542,0.305,112
SPY,10,2020-09-30,11:30,bear,down,105.75,336.5081,337.12,-0.9119,-0.271,0.3081,1.0019,5,-1.5999,-0.4754,0.3081,1.6119,15,2.7381,0.8137,3.6281,1.7819,27,2.7381,0.8137,3.6281,1.7819,27
SPY,3,2020-10-05,15:33,bear,down,108.46,339.65,339.945,0.025,0.0074,0.26,0.22,5,0.12,0.0353,0.31,0.26,9,0.12,0.0353,0.31,0.26,9,0.12,0.0353,0.31,0.26,9
SPY,5,2020-10-12,12:35,bear,down,125.48,352.82,353.03,0.0,0.0,0.07,0.49,5,-0.51,-0.1445,0.26,0.97,15,-0.54,-0.1531,0.26,1.2,30,0.27,0.0765,0.82,1.2,41
SPY,3,2020-10-12,12:48,bear,down,107.8,352.94,353.14,0.28,0.0793,0.3,0.097,5,-0.42,-0.119,0.38,0.85,15,-0.74,-0.2097,0.38,0.85,30,0.565,0.1601,0.94,1.08,64
SPY,10,2020-10-12,13:10,hidden_bull,up,103.1,353.24,352.56,0.5,0.1415,0.55,0.15,5,-0.87,-0.2463,0.78,0.91,15,-0.62,-0.1755,0.78,1.24,17,-0.62,-0.1755,0.78,1.24,17
SPY,3,2020-10-12,13:33,bear,down,100.53,353.36,353.79,0.19,0.0538,0.27,0.09,5,-0.32,-0.0906,0.27,0.3999,15,-0.05,-0.0141,0.27,0.66,30,0.985,0.2788,1.36,0.66,49
SPY,3,2020-10-14,12:24,bull,up,-100.38,347.64,347.32,0.27,0.0777,0.52,0.35,5,0.59,0.1697,0.83,0.35,15,0.5,0.1438,0.83,0.43,30,0.25,0.0719,1.66,0.44,72
SPY,3,2020-10-26,11:21,bull,up,-113.18,338.59,338.15,0.02,0.0059,0.45,0.59,5,0.08,0.0236,1.61,0.59,15,-1.018,-0.3007,1.61,1.35,30,1.17,0.3456,1.61,2.97,93
SPY,3,2020-12-22,09:39,hidden_bull,up,-101.15,367.6,367.32,0.2689,0.0732,0.5,0.17,5,0.08,0.0218,0.55,0.54,15,0.32,0.0871,0.7317,0.54,30,-0.42,-0.1143,0.7317,1.57,127
SPY,3,2020-12-29,10:15,bull,up,-109.3,372.17,371.775,0.22,0.0591,0.55,0.1,5,0.5,0.1343,0.65,0.1,15,0.4323,0.1162,0.69,0.225,30,-0.7,-0.1881,0.69,1.34,115
SPY,3,2020-12-31,15:18,bear,down,111.69,373.48,373.64,0.01,0.0027,0.28,0.11,5,-0.53,-0.1419,0.43,1.21,14,-0.53,-0.1419,0.43,1.21,14,-0.53,-0.1419,0.43,1.21,14
SPY,5,2021-01-04,09:40,hidden_bull,up,-135.77,374.11,373.88,-1.21,-0.3234,0.23,1.35,5,-4.13,-1.104,0.23,4.29,15,-8.83,-2.3603,0.23,8.93,30,-5.1,-1.3632,0.23,9.29,76
SPY,3,2021-01-04,09:42,hidden_bull,up,-183.32,374.11,373.54,-0.6,-0.1604,0.23,1.0,5,-1.62,-0.433,0.23,1.97,15,-4.81,-1.2857,0.23,6.4578,30,-4.8,-1.283,0.23,9.29,126
SPY,3,2021-01-04,09:51,bear,down,-127.03,373.4,374.31,0.62,0.166,0.64,0.35,5,1.59,0.4258,1.7,0.35,15,4.347,1.1642,5.7478,0.35,30,4.09,1.0953,8.58,0.35,123
SPY,3,2021-01-04,10:15,bull,up,-125.86,372.63,372.56,-0.6,-0.161,0.15,0.71,5,-2.84,-0.7622,0.15,3.08,15,-4.61,-1.2372,0.15,4.9778,30,-3.32,-0.891,0.15,7.81,115
SPY,3,2021-01-04,10:39,bull,up,-106.66,372.0334,371.7,-1.8934,-0.5089,0.2846,2.1134,5,-3.0423,-0.8177,0.2846,4.3812,15,-6.7435,-1.8126,0.2846,6.8534,30,-2.7234,-0.732,0.2846,7.2134,107
SPY,10,2021-01-04,12:10,bull,up,-161.77,366.005,365.99,0.65,0.1776,0.745,0.995,5,0.815,0.2227,2.635,0.995,15,2.725,0.7445,3.545,0.995,23,2.725,0.7445,3.545,0.995,23
SPY,5,2021-01-04,12:15,bull,up,-138.44,366.005,365.18,-0.59,-0.1612,0.525,0.7739,5,1.465,0.4003,2.245,0.995,15,0.815,0.2227,2.635,0.995,30,3.005,0.821,3.545,0.995,45
SPY,10,2021-01-04,12:40,hidden_bear,down,-138.26,365.22,366.4599,-2.54,-0.6955,0.21,3.03,5,-2.268,-0.621,0.21,3.42,15,-3.51,-0.9611,0.21,4.33,20,-3.51,-0.9611,0.21,4.33,20
SPY,3,2021-01-05,14:33,bear,down,117.27,372.17,372.5,0.2878,0.0773,0.31,0.05,5,0.805,0.2163,0.88,0.05,15,0.95,0.2553,1.31,0.05,29,0.95,0.2553,1.31,0.05,29
SPY,5,2021-01-06,11:20,bear,down,130.35,375.88,376.13,0.2801,0.0745,0.78,0.19,5,-0.1,-0.0266,0.78,0.32,15,-0.6568,-0.1747,0.78,1.1,30,2.49,0.6624,3.28,1.1,56
SPY,3,2021-01-06,11:21,bear,down,115.05,375.78,376.16,0.58,0.1543,0.655,0.29,5,0.1,0.0266,0.68,0.29,15,-0.454,-0.1208,0.68,0.5,30,2.85,0.7584,3.18,1.2,93
SPY,3,2021-01-07,10:24,bear,down,117.54,379.07,379.2,0.06,0.0158,0.17,0.2,5,0.0711,0.0188,0.25,0.79,15,0.31,0.0818,0.405,0.79,30,0.13,0.0343,0.755,0.83,112
SPY,3,2021-01-08,13:42,bull,up,-100.51,377.67,377.22,0.57,0.1509,0.81,0.115,5,1.85,0.4898,1.85,0.115,15,2.81,0.744,2.9925,0.115,30,3.97,1.0512,4.05,0.115,46
SPY,10,2021-01-20,13:20,bear,down,106.95,383.99,384.08,0.23,0.0599,0.58,0.27,5,0.13,0.0339,0.58,0.8,15,-0.08,-0.0208,0.58,0.8,16,-0.08,-0.0208,0.58,0.8,16
SPY,10,2021-02-02,11:20,bear,down,101.28,382.57,382.89,-0.28,-0.0732,0.19,0.65,5,-0.06,-0.0157,0.36,0.65,15,0.64,0.1673,6.2519,0.65,28,0.64,0.1673,6.2519,0.65,28
SPY,3,2021-02-10,10:45,bull,up,-121.68,387.9825,387.5,1.6175,0.4169,1.9475,-0.0175,5,0.9875,0.2545,2.1375,-0.0175,15,1.3675,0.3525,2.1375,-0.0175,30,2.2375,0.5767,3.0875,-0.0175,105
SPY,3,2021-03-04,09:39,hidden_bear,down,105.71,382.8719,383.28,2.3519,0.6143,2.5219,0.3081,5,3.2869,0.8585,4.2929,0.3081,15,1.1519,0.3009,4.2929,0.3081,30,5.9619,1.5572,10.9919,1.1281,127
SPY,3,2021-04-05,09:54,bear,down,128.37,404.52,404.53,-0.26,-0.0643,0.3,0.29,5,-1.3685,-0.3383,0.3,1.4,15,-1.17,-0.2892,0.3,1.51,30,-1.8,-0.445,0.3,2.42,122
SPY,3,2021-04-05,10:36,bear,down,122.39,405.6066,405.66,-0.2034,-0.0501,0.1866,0.4234,5,-0.1034,-0.0255,0.1866,0.4234,15,-0.7034,-0.1734,0.1866,0.8934,30,-0.7134,-0.1759,0.1866,1.3334,108
SPY,5,2021-04-05,11:05,hidden_bull,up,102.48,405.84,405.485,0.2,0.0493,0.22,0.21,5,0.61,0.1503,0.66,0.21,15,0.34,0.0838,1.1,0.21,30,0.51,0.1257,1.1,0.21,59
SPY,5,2021-04-05,11:45,bear,down,113.37,406.33,406.5,0.0,0.0,0.16,0.09,5,-0.175,-0.0431,0.17,0.61,15,-0.13,-0.032,0.25,0.61,30,-0.02,-0.0049,0.58,0.61,51
SPY,10,2021-04-05,12:20,hidden_bull,up,119.5,406.59,406.26,-0.23,-0.0566,0.35,0.43,5,-0.475,-0.1168,0.35,0.51,15,-0.19,-0.0467,0.35,0.84,22,-0.19,-0.0467,0.35,0.84,22
SPY,5,2021-04-05,12:40,bear,down,104.25,406.71,406.94,0.2,0.0492,0.55,0.07,5,0.12,0.0295,0.63,0.07,15,0.703,0.1729,0.96,0.12,30,0.36,0.0885,0.96,0.13,40
SPY,10,2021-04-05,12:40,bear,down,130.14,406.65,406.94,0.47,0.1156,0.55,0.0,5,0.23,0.0566,0.9,0.18,15,0.25,0.0615,0.9,0.19,20,0.25,0.0615,0.9,0.19,20
SPY,3,2021-04-21,10:30,bear,down,100.05,413.7181,414.05,-0.0019,-0.0005,0.2381,0.2019,5,-0.5289,-0.1278,0.2881,0.6219,15,-1.1019,-0.2663,0.2881,1.2119,30,-1.9319,-0.467,1.4548,2.5719,110
SPY,5,2021-04-21,10:30,bear,down,114.43,413.59,414.1,-0.1759,-0.0425,0.16,0.33,5,-0.95,-0.2297,0.16,1.0,15,-0.9773,-0.2363,0.16,1.34,30,-1.94,-0.4691,1.3267,2.7,66
SPY,3,2021-04-22,09:48,hidden_bull,up,-114.84,415.08,414.85,-0.0001,-0.0,0.29,0.545,5,0.67,0.1614,0.88,0.545,15,1.115,0.2686,1.1799,0.545,30,-2.91,-0.7011,1.7,3.95,124
SPY,5,2021-04-22,13:55,bull,up,-100.69,411.82,411.775,0.48,0.1166,0.72,0.69,5,0.545,0.1323,1.63,0.69,15,0.31,0.0753,1.63,0.69,25,0.31,0.0753,1.63,0.69,25
SPY,3,2021-04-23,11:18,bear,down,100.95,416.13,416.32,-0.12,-0.0288,0.0,0.21,5,-0.325,-0.0781,0.115,0.42,15,-1.09,-0.2619,0.115,1.11,30,-0.54,-0.1298,0.115,2.12,94
SPY,5,2021-04-23,11:45,hidden_bull,up,100.75,416.435,416.015,-0.08,-0.0192,0.115,0.195,5,0.555,0.1333,0.845,0.195,15,0.545,0.1309,0.945,0.195,30,0.105,0.0252,1.815,0.195,51
SPY,5,2021-04-23,12:55,bear,down,115.34,417.102,417.28,0.087,0.0209,0.142,0.078,5,-0.0281,-0.0067,0.202,0.278,15,-0.683,-0.1637,0.352,0.758,30,0.562,0.1347,0.612,1.148,37
SPY,10,2021-04-23,13:00,bear,down,129.9,417.095,417.28,0.075,0.018,0.195,0.285,5,-0.875,-0.2098,0.345,1.155,15,0.725,0.1738,0.755,1.155,18,0.725,0.1738,0.755,1.155,18
SPY,10,2021-04-23,13:30,hidden_bull,up,111.14,417.23,416.9,-0.215,-0.0515,0.15,0.48,5,-0.86,-0.2061,1.02,0.89,15,-0.86,-0.2061,1.02,0.89,15,-0.86,-0.2061,1.02,0.89,15
SPY,3,2021-04-26,09:42,hidden_bear,down,143.34,417.88,417.92,0.19,0.0455,1.0689,0.06,5,0.062,0.0148,1.0689,0.29,15,-0.1973,-0.0472,1.0689,0.29,30,0.15,0.0359,1.0689,0.34,126
SPY,5,2021-04-26,09:45,hidden_bear,down,122.99,417.815,417.98,-0.325,-0.0778,1.0039,0.355,5,-0.255,-0.061,1.0039,0.355,15,0.395,0.0945,1.0039,0.355,30,0.125,0.0299,1.0039,0.405,75
SPY,10,2021-04-26,09:50,hidden_bear,down,114.39,417.69,417.98,-0.1301,-0.0311,0.8789,0.48,5,0.28,0.067,0.8789,0.48,15,-0.4001,-0.0958,0.8789,0.48,30,0.17,0.0407,0.8789,0.53,37
SPY,10,2021-04-29,10:50,hidden_bull,up,-106.95,418.27,417.54,-0.1181,-0.0282,0.6,0.3,5,0.195,0.0466,0.6,1.83,15,1.73,0.4136,2.22,1.83,30,1.62,0.3873,2.22,1.83,31
SPY,3,2021-05-10,14:54,bull,up,-118.13,419.05,418.83,0.475,0.1134,0.505,0.15,5,0.4499,0.1074,0.68,0.15,15,-1.54,-0.3675,0.75,1.54,22,-1.54,-0.3675,0.75,1.54,22
SPY,10,2021-05-11,09:30,bull,up,-105.72,412.74,417.5,-0.89,-0.2156,2.53,0.93,5,1.265,0.3065,2.53,2.68,15,0.7742,0.1876,2.53,2.68,30,1.39,0.3368,2.53,2.68,39
SPY,3,2021-05-19,09:30,bull,up,-126.83,406.9,411.79,-0.37,-0.0909,0.74,1.06,5,-1.14,-0.2802,0.74,1.57,15,-0.07,-0.0172,0.74,1.57,30,3.92,0.9634,4.2,1.57,130
SPY,5,2021-05-19,09:30,bull,up,-105.84,407.54,411.79,-0.59,-0.1448,0.1,1.7,5,-1.06,-0.2601,0.1,2.21,15,0.7211,0.1769,0.89,2.21,30,3.2,0.7852,3.56,2.21,78
SPY,3,2021-05-20,10:00,hidden_bull,up,107.49,413.403,412.95,0.117,0.0283,0.292,0.323,5,0.667,0.1613,0.747,0.323,15,1.637,0.396,1.717,0.323,30,1.527,0.3694,3.222,0.323,120
SPY,5,2021-05-20,10:55,bear,down,100.99,413.97,414.18,-0.3999,-0.0966,0.0,0.46,5,-1.01,-0.244,0.0,2.17,15,-1.435,-0.3466,0.0,2.17,30,-1.06,-0.2561,0.0,2.655,61
SPY,3,2021-05-24,10:42,bear,down,120.06,419.2782,419.49,-0.0218,-0.0052,0.1382,0.1868,5,-0.2699,-0.0644,0.1882,0.3118,15,0.1232,0.0294,0.2482,0.4018,30,0.0582,0.0139,0.3682,1.0418,106
SPY,3,2021-05-25,09:54,hidden_bull,up,-101.43,419.6,419.24,-0.22,-0.0524,0.06,0.42,5,-0.581,-0.1385,0.06,0.6599,15,-1.02,-0.2431,0.06,1.06,30,-1.37,-0.3265,0.06,1.98,122
SPY,5,2021-05-26,09:50,hidden_bull,up,-112.16,418.23,417.93,0.3882,0.0928,0.39,0.47,5,1.11,0.2654,1.12,0.47,15,1.005,0.2403,1.22,0.47,30,0.72,0.1722,1.38,0.47,74
SPY,3,2021-06-01,09:57,hidden_bull,up,-108.46,421.3,420.98,-0.83,-0.197,0.2101,0.85,5,-0.8915,-0.2116,0.2101,1.39,15,-1.08,-0.2563,0.2101,1.86,30,-1.76,-0.4178,0.2101,2.1,121
SPY,3,2021-06-15,09:42,hidden_bull,up,-103.99,424.83,424.63,-0.135,-0.0318,0.2,0.27,5,-0.46,-0.1083,0.2,0.58,15,-0.745,-0.1754,0.2,0.93,30,-0.42,-0.0989,0.2,1.29,126
SPY,3,2021-06-17,09:39,hidden_bear,down,162.05,422.4911,422.89,0.7411,0.1754,0.8911,0.0389,5,0.3411,0.0807,1.3911,0.0389,15,1.1611,0.2748,1.3911,0.4414,30,0.4411,0.1044,3.1711,0.5289,127
SPY,5,2021-06-17,09:40,hidden_bear,down,129.18,421.83,422.9,0.48,0.1138,0.52,0.46,5,-0.0599,-0.0142,0.73,1.1025,15,0.66,0.1565,0.94,1.1025,30,-0.23,-0.0545,2.51,1.19,76
SPY,3,2021-07-06,11:00,bull,up,-102.27,431.07,431.0,-0.19,-0.0441,0.19,0.46,5,-0.005,-0.0012,0.41,0.62,15,-0.87,-0.2018,0.41,1.06,30,1.57,0.3642,2.38,1.06,100
SPY,5,2021-07-06,11:05,bull,up,-125.28,431.21,430.77,0.11,0.0255,0.18,0.76,5,-0.74,-0.1716,0.27,1.2,15,0.19,0.0441,0.34,1.2,30,1.37,0.3177,2.24,1.2,59
SPY,10,2021-07-06,12:20,bull,up,-105.7,430.53,430.1,0.8125,0.1887,0.85,0.43,5,1.58,0.367,1.92,0.43,15,1.98,0.4599,2.92,0.43,22,1.98,0.4599,2.92,0.43,22
SPY,3,2021-07-13,13:39,bull,up,-125.86,435.91,435.81,0.62,0.1422,0.66,0.17,5,0.49,0.1124,0.68,0.34,15,-0.33,-0.0757,0.68,0.4,30,-0.44,-0.1009,0.68,0.6,47
SPY,3,2021-07-16,09:54,hidden_bull,up,-101.45,435.12,434.92,-0.8701,-0.2,0.15,0.89,5,-1.53,-0.3516,0.15,1.98,15,-1.78,-0.4091,0.15,2.19,30,-3.74,-0.8595,0.15,4.2,122
SPY,10,2021-07-16,10:30,hidden_bull,up,-109.05,433.7,433.14,-0.6289,-0.145,0.43,0.77,5,0.26,0.0599,0.53,0.77,15,-2.175,-0.5015,0.53,2.3019,30,-2.59,-0.5972,0.9767,2.78,33
SPY,3,2021-07-20,11:03,bear,down,106.42,430.2001,430.375,-0.3002,-0.0698,0.0501,0.3599,5,-0.5599,-0.1301,0.3601,0.5649,15,-1.4799,-0.344,0.3601,1.5399,30,-0.9399,-0.2185,0.3601,2.2199,99
SPY,3,2021-07-26,09:36,hidden_bear,down,140.19,440.03,440.2,0.04,0.0091,0.57,0.175,5,0.435,0.0989,0.58,0.175,15,0.27,0.0614,0.77,0.175,30,-1.05,-0.2386,0.77,1.11,128
SPY,3,2021-07-28,09:45,hidden_bull,up,-115.31,438.36,438.16,0.22,0.0502,0.43,0.23,5,1.01,0.2304,1.22,0.23,15,0.825,0.1882,1.22,0.23,30,0.38,0.0867,1.94,1.05,125
SPY,3,2021-07-30,09:51,hidden_bear,down,114.87,439.2801,439.4,-0.7018,-0.1598,0.0101,0.7099,5,0.5201,0.1184,0.7501,0.7799,15,0.5361,0.122,1.1351,0.7799,30,0.3601,0.082,1.5101,0.7799,123
SPY,5,2021-07-30,09:55,hidden_bear,down,101.91,439.39,439.4636,0.3,0.0683,0.39,0.67,5,0.3883,0.0884,1.245,0.67,15,0.8,0.1821,1.32,0.67,30,0.37,0.0842,1.62,0.67,73
SPY,3,2021-07-30,10:00,bull,up,101.53,439.565,439.38,-0.095,-0.0216,0.495,0.1334,5,-0.55,-0.1251,0.495,1.035,15,-1.035,-0.2355,0.495,1.42,30,-0.645,-0.1467,0.495,1.795,120
SPY,3,2021-08-16,14:00,bear,down,100.76,445.6282,445.66,-0.2973,-0.0667,0.0532,0.3718,5,-0.5368,-0.1205,0.0532,0.5418,15,-0.7719,-0.1732,0.0532,1.0018,30,-1.5118,-0.3393,0.0532,1.6218,40
SPY,3,2021-08-19,09:36,hidden_bear,down,112.65,437.22,438.11,-1.145,-0.2619,0.28,1.53,5,-1.956,-0.4474,0.28,2.77,15,-1.62,-0.3705,0.28,2.77,30,-2.77,-0.6335,0.28,3.92,128
SPY,3,2021-08-23,10:06,bear,down,118.5,446.72,446.885,-0.38,-0.0851,0.135,0.44,5,-0.49,-0.1097,0.135,0.55,15,-0.92,-0.2059,0.135,1.02,30,-0.83,-0.1858,3.2845,1.51,118
SPY,3,2021-08-23,10:27,bear,down,106.89,446.87,447.2,-0.16,-0.0358,0.16,0.27,5,-0.78,-0.1745,0.16,0.84,15,-0.87,-0.1947,3.4345,0.99,30,-0.68,-0.1522,3.4345,1.36,111
SPY,10,2021-08-23,11:10,bear,down,134.97,447.52,447.55,-0.38,-0.0849,4.0845,0.42,5,-0.2701,-0.0604,4.0845,0.71,15,0.0,0.0,4.0845,0.71,29,0.0,0.0,4.0845,0.71,29
SPY,5,2021-08-23,11:15,bear,down,115.3,447.52,447.71,-0.14,-0.0313,0.145,0.15,5,-0.38,-0.0849,4.0845,0.49,15,-0.2701,-0.0604,4.0845,0.71,30,0.01,0.0022,4.0845,0.71,57
SPY,3,2021-08-30,11:15,bear,down,105.08,452.88,453.04,0.02,0.0044,0.28,0.0051,5,-0.02,-0.0044,0.28,0.12,15,0.28,0.0618,0.52,0.12,30,0.69,0.1524,0.82,0.19,95
SPY,3,2021-09-01,09:42,hidden_bull,up,-101.3,452.3399,452.16,-0.3399,-0.0751,0.3501,0.5199,5,-0.0899,-0.0199,0.3501,0.5199,15,0.0901,0.0199,0.3501,0.5199,30,-0.4399,-0.0972,0.7701,0.7949,126
SPY,3,2021-09-07,09:51,bull,up,-139.1,451.44,451.41,-0.04,-0.0089,0.38,0.1289,5,-0.17,-0.0377,0.38,0.6977,15,-0.32,-0.0709,0.38,0.6977,30,-0.02,-0.0044,0.99,0.6977,123
SPY,3,2021-09-07,10:15,bull,up,-102.22,451.17,450.7423,0.02,0.0044,0.2,0.2899,5,0.27,0.0598,0.59,0.2899,15,0.21,0.0465,0.59,0.365,30,0.25,0.0554,1.26,0.365,115
SPY,5,2021-09-10,10:05,hidden_bull,up,-129.41,449.08,448.86,-0.66,-0.147,0.23,1.23,5,-1.13,-0.2516,0.23,1.67,15,0.17,0.0379,0.23,1.74,30,-3.24,-0.7215,0.3,3.77,71
SPY,5,2021-09-10,10:45,bull,up,-113.11,448.09,447.885,0.12,0.0268,0.39,0.68,5,0.01,0.0022,0.39,0.75,15,1.14,0.2544,1.29,0.75,30,-2.25,-0.5021,1.29,2.78,63
SPY,3,2021-09-15,13:06,bear,down,107.22,447.065,447.29,-0.315,-0.0705,0.145,0.375,5,-0.695,-0.1555,0.145,0.865,15,-0.515,-0.1152,0.145,0.865,30,-0.775,-0.1734,0.145,1.345,58
SPY,3,2021-09-24,09:42,hidden_bear,down,142.49,443.0,443.08,-0.62,-0.14,1.14,0.64,5,-0.1,-0.0226,1.14,0.91,15,-0.01,-0.0023,1.14,0.91,30,-1.04,-0.2348,1.14,1.67,126
SPY,5,2021-09-24,09:45,hidden_bear,down,100.69,442.06,443.169,-1.01,-0.2285,0.01,1.85,5,-1.125,-0.2545,0.01,1.85,15,-1.48,-0.3348,0.01,1.85,30,-1.86,-0.4208,0.01,2.61,75
SPY,3,2021-09-24,10:03,bear,down,110.78,443.5799,443.91,0.3599,0.0811,0.7999,0.1001,5,0.8199,0.1848,1.1999,0.1001,15,1.2999,0.293,1.3699,0.1001,30,-0.4601,-0.1037,1.4399,1.0901,119
SPY,3,2021-10-04,10:57,bull,up,-113.46,428.03,427.07,0.53,0.1238,0.64,0.88,5,-0.97,-0.2266,0.79,1.67,15,-0.58,-0.1355,0.79,1.67,30,0.88,0.2056,1.19,1.67,101
SPY,3,2021-10-29,09:48,hidden_bear,down,100.17,457.06,457.29,-0.135,-0.0295,0.12,0.58,5,0.22,0.0481,0.58,0.58,15,-1.0,-0.2188,0.58,1.061,30,-2.14,-0.4682,0.58,2.5,124
SPY,5,2021-11-03,15:50,bear,down,105.83,464.8199,465.095,0.2999,0.0645,0.4099,0.2001,2,0.2999,0.0645,0.4099,0.2001,2,0.2999,0.0645,0.4099,0.2001,2,0.2999,0.0645,0.4099,0.2001,2
SPY,3,2021-11-11,09:39,hidden_bull,up,-123.93,464.4682,464.28,0.5318,0.1145,0.6318,0.0282,5,0.0568,0.0122,0.6618,0.2428,15,-0.1182,-0.0254,0.6618,0.5382,30,-0.3082,-0.0664,0.6618,0.7182,127
SPY,5,2021-11-11,09:40,hidden_bull,up,-113.18,464.645,464.28,-0.165,-0.0355,0.485,0.305,5,-0.105,-0.0226,0.485,0.715,15,-0.455,-0.0979,0.485,0.715,30,-0.525,-0.113,0.485,0.895,76
SPY,5,2021-12-07,10:50,bear,down,110.53,468.4301,468.49,0.0901,0.0192,0.3601,0.4499,5,0.2548,0.0544,0.4101,0.4499,15,0.22,0.047,0.6501,0.4499,30,0.0901,0.0192,9.7755,0.4499,62
SPY,3,2021-12-13,09:33,hidden_bull,up,-156.38,470.12,469.82,-1.15,-0.2446,0.1,1.44,5,-1.21,-0.2574,0.1,1.86,15,-2.81,-0.5977,0.1,3.06,30,-3.85,-0.8189,0.1,3.97,129
SPY,5,2021-12-13,09:40,hidden_bull,up,-150.75,469.61,469.16,-0.87,-0.1853,0.1,1.35,5,-1.83,-0.3897,0.1,2.36,15,-1.7808,-0.3792,0.1,2.85,30,-3.11,-0.6623,0.1,3.51,76
SPY,3,2021-12-13,09:54,bull,up,-123.36,469.18,468.5,-0.28,-0.0597,0.045,0.92,5,-1.31,-0.2792,0.21,1.93,15,-2.21,-0.471,0.21,2.31,30,-2.91,-0.6202,0.21,3.03,122
SPY,5,2021-12-13,10:35,bull,up,-101.03,467.715,467.25,-0.465,-0.0994,0.7349,0.655,5,-0.855,-0.1828,0.7349,0.955,15,-0.135,-0.0289,0.7349,0.955,30,-1.215,-0.2598,0.915,1.615,65
SPY,5,2021-12-27,11:05,bear,down,112.1,475.09,475.175,0.14,0.0295,0.457,0.19,5,-0.49,-0.1031,0.457,0.51,15,-0.93,-0.1958,0.457,1.0599,30,-2.2,-0.4631,0.457,2.31,59
SPY,10,2021-12-27,12:30,bear,down,108.56,475.64,475.69,-0.35,-0.0736,0.16,0.5099,5,-0.37,-0.0778,0.16,0.97,15,-1.54,-0.3238,0.16,1.76,21,-1.54,-0.3238,0.16,1.76,21
SPY,10,2021-12-27,14:00,bear,down,101.48,476.2596,476.31,0.0896,0.0188,0.3296,0.3504,5,-0.9204,-0.1933,0.5665,1.1404,12,-0.9204,-0.1933,0.5665,1.1404,12,-0.9204,-0.1933,0.5665,1.1404,12
SPY,3,2022-01-05,15:09,bull,up,-110.39,470.71,469.95,0.085,0.0181,0.34,0.5,5,-1.79,-0.3803,0.48,1.87,15,-2.25,-0.478,0.48,2.4299,17,-2.25,-0.478,0.48,2.4299,17
SPY,5,2022-01-05,15:10,bull,up,-120.78,470.8599,469.95,-0.1999,-0.0425,0.3301,0.8799,5,-2.5099,-0.533,0.3301,2.7399,10,-2.5099,-0.533,0.3301,2.7399,10,-2.5099,-0.533,0.3301,2.7399,10
SPY,5,2022-01-06,09:30,bull,up,-105.75,469.0,468.12,-1.95,-0.4158,1.395,2.19,5,0.48,0.1023,1.395,3.57,15,-0.08,-0.0171,1.395,3.57,30,-0.83,-0.177,1.82,3.57,78
SPY,5,2022-01-10,10:50,bull,up,-105.01,457.59,456.5973,1.87,0.4087,2.06,0.57,5,0.46,0.1005,2.585,0.57,15,3.0401,0.6644,3.21,0.57,30,7.83,1.7111,8.15,0.57,62
SPY,3,2022-01-11,09:42,hidden_bull,up,-126.08,462.88,462.8,-0.02,-0.0043,0.99,0.83,5,1.21,0.2614,1.69,0.83,15,2.575,0.5563,2.72,0.83,30,7.01,1.5144,7.07,0.83,126
SPY,5,2022-01-11,09:50,hidden_bull,up,-128.45,462.62,462.3,1.6699,0.361,1.95,0.57,5,1.78,0.3848,2.35,0.57,15,4.96,1.0722,5.44,0.57,30,7.16,1.5477,7.35,0.57,74
SPY,10,2022-01-11,09:50,hidden_bull,up,-120.46,462.86,462.23,-0.1,-0.0216,2.11,0.51,5,3.97,0.8577,5.2,0.51,15,6.025,1.3017,6.53,0.51,30,6.92,1.4951,7.11,0.51,37
SPY,5,2022-01-31,10:15,bear,down,109.9,444.76,445.15,0.08,0.018,0.78,1.03,5,-0.39,-0.0877,0.9,1.03,15,-2.4,-0.5396,0.9,2.44,30,-4.15,-0.9331,0.9,5.52,69
SPY,3,2022-03-16,14:33,bull,up,-103.56,425.51,424.83,3.35,0.7873,4.7,0.17,5,6.8835,1.6177,6.94,0.17,15,9.62,2.2608,10.17,0.17,29,9.62,2.2608,10.17,0.17,29
SPY,5,2022-04-18,09:45,hidden_bear,down,106.04,438.89,439.46,0.61,0.139,1.805,0.15,5,0.02,0.0046,1.805,0.61,15,2.87,0.6539,2.95,0.61,30,0.14,0.0319,3.28,0.86,75
SPY,3,2022-04-19,10:33,bear,down,110.27,442.6799,443.03,-0.8301,-0.1875,0.1899,1.1701,5,-0.5701,-0.1288,0.1899,1.2101,15,-0.9101,-0.2056,0.1899,1.6001,30,-1.0601,-0.2395,0.2399,3.1201,109
SPY,5,2022-04-19,10:50,bear,down,129.02,443.05,443.85,-0.23,-0.0519,0.29,0.84,5,-0.79,-0.1783,0.29,1.23,15,-0.3199,-0.0722,0.29,1.23,30,-0.12,-0.0271,0.61,2.75,62
SPY,5,2022-04-21,13:10,bull,up,-102.47,442.32,442.03,-0.1,-0.0226,1.3,0.96,5,-1.61,-0.364,1.3,1.979,15,-3.84,-0.8681,1.3,4.8,30,-4.65,-1.0513,1.3,5.22,34
SPY,3,2022-04-28,13:15,bear,down,125.94,426.72,427.2,0.0,0.0,0.53,0.33,5,-0.57,-0.1336,0.53,0.91,15,-1.74,-0.4078,0.53,1.9051,30,1.67,0.3914,2.02,2.92,55
SPY,5,2022-05-05,10:10,hidden_bull,up,-151.46,419.9115,418.97,-3.0065,-0.716,0.0885,3.0515,5,-5.1715,-1.2316,0.0885,6.2915,15,-7.0915,-1.6888,0.0885,8.9015,30,-5.7915,-1.3792,0.0885,10.4715,70
SPY,10,2022-05-05,10:10,hidden_bull,up,-135.83,419.63,418.97,-5.09,-1.213,0.02,5.64,5,-7.09,-1.6896,0.02,8.62,15,-8.84,-2.1066,0.02,9.51,30,-5.5,-1.3107,0.02,10.19,35
SPY,5,2022-05-05,10:40,bull,up,-138.71,417.31,416.86,-2.77,-0.6638,0.31,3.32,5,-4.975,-1.1922,0.31,5.03,15,-2.75,-0.659,0.31,6.3,30,-3.19,-0.7644,0.31,7.87,64
SPY,3,2022-05-05,10:42,bull,up,-101.34,417.31,416.25,-0.54,-0.1294,0.31,2.09,5,-2.57,-0.6158,0.31,3.69,15,-3.65,-0.8746,0.31,6.3,30,-3.45,-0.8267,0.31,7.87,106
SPY,5,2022-05-05,10:45,hidden_bear,down,-127.21,415.77,417.41,0.9,0.2165,1.78,1.365,5,3.63,0.8731,4.76,1.365,15,1.05,0.2525,4.76,1.365,30,1.65,0.3969,6.33,1.365,63
SPY,10,2022-05-20,12:20,bull,up,-101.51,384.44,383.57,-3.23,-0.8402,0.43,3.26,5,-0.93,-0.2419,0.43,3.9,15,4.78,1.2434,5.83,3.9,22,4.78,1.2434,5.83,3.9,22
SPY,3,2022-05-27,10:24,bear,down,101.1,411.82,412.27,0.3,0.0728,0.43,0.26,5,0.24,0.0583,1.31,0.26,15,-0.54,-0.1311,1.31,0.82,30,-3.41,-0.828,1.31,3.77,112
SPY,3,2022-06-09,15:36,bull,up,-111.87,404.5203,404.09,-1.9603,-0.4846,0.0097,2.1803,5,-3.0303,-0.7491,0.0097,3.0903,8,-3.0303,-0.7491,0.0097,3.0903,8,-3.0303,-0.7491,0.0097,3.0903,8
SPY,10,2022-06-10,10:30,bull,up,-136.35,391.7901,390.18,-1.3701,-0.3497,0.6699,1.6201,5,-1.3401,-0.342,0.6699,1.9201,15,1.2599,0.3216,2.4599,1.9201,30,-1.2101,-0.3089,2.4599,2.2601,33
SPY,3,2022-06-21,10:00,bear,down,122.5,374.75,374.91,-0.33,-0.0881,0.26,0.38,5,-0.97,-0.2588,0.26,1.1,15,-0.5835,-0.1557,0.26,1.53,30,0.08,0.0213,0.84,1.775,120
SPY,5,2022-06-22,09:55,hidden_bear,down,100.79,373.54,374.0901,-3.3,-0.8834,0.765,3.41,5,-2.51,-0.6719,0.765,4.42,15,-1.98,-0.5301,0.765,4.42,30,-1.21,-0.3239,0.765,5.18,73
SPY,3,2022-06-27,09:48,hidden_bull,up,-118.76,388.02,388.0,1.39,0.3582,1.85,0.1046,5,0.835,0.2152,1.85,0.1046,15,2.14,0.5515,2.84,0.1046,30,0.92,0.2371,3.11,0.58,124
SPY,3,2022-07-12,15:39,bull,up,-146.41,379.47,378.99,1.2,0.3162,1.6,0.16,5,1.12,0.2951,1.6,0.16,7,1.12,0.2951,1.6,0.16,7,1.12,0.2951,1.6,0.16,7
SPY,5,2022-07-12,15:40,bull,up,-135.25,379.725,378.99,0.625,0.1646,1.345,0.105,4,0.625,0.1646,1.345,0.105,4,0.625,0.1646,1.345,0.105,4,0.625,0.1646,1.345,0.105,4
SPY,5,2022-07-18,15:00,bull,up,-100.98,383.1601,382.97,-0.4601,-0.1201,0.8299,0.4901,5,-1.2101,-0.3158,0.8299,2.5001,12,-1.2101,-0.3158,0.8299,2.5001,12,-1.2101,-0.3158,0.8299,2.5001,12
SPY,10,2022-07-18,15:00,bull,up,-106.1,383.6937,382.97,-1.7037,-0.444,0.2963,3.0337,5,-1.3837,-0.3606,0.2963,3.0337,6,-1.3837,-0.3606,0.2963,3.0337,6,-1.3837,-0.3606,0.2963,3.0337,6
SPY,3,2022-07-25,09:39,hidden_bull,up,-150.62,395.04,394.08,0.8741,0.2213,1.01,0.2,5,-1.14,-0.2886,1.01,1.16,15,0.25,0.0633,1.01,1.3,30,1.01,0.2557,1.43,1.83,127
SPY,5,2022-07-25,09:40,hidden_bull,up,-103.11,395.5565,394.03,-0.2565,-0.0648,0.4935,0.8765,5,-0.3365,-0.0851,0.4935,1.8165,15,-0.5365,-0.1356,0.7335,1.8165,30,0.5535,0.1399,0.9135,2.3465,76
SPY,3,2022-08-08,12:21,bull,up,-111.62,413.19,412.465,-0.42,-0.1016,0.24,0.84,5,0.26,0.0629,0.55,0.84,15,0.51,0.1234,1.02,0.84,30,0.05,0.0121,1.02,1.36,73
SPY,5,2022-08-15,12:00,bear,down,100.82,428.08,428.25,-0.27,-0.0631,0.25,0.36,5,-0.35,-0.0818,0.25,0.95,15,-0.675,-0.1577,0.25,0.95,30,-0.69,-0.1612,0.25,1.33,48
SPY,5,2022-08-26,11:10,bull,up,-102.85,411.6336,410.8802,-0.5836,-0.1418,0.0964,1.5736,5,-1.6536,-0.4017,0.2764,2.1236,15,-2.4529,-0.5959,7.7025,2.6136,30,-6.7036,-1.6285,7.7025,6.8836,58
SPY,3,2022-09-02,12:48,hidden_bull,up,-111.83,396.67,396.45,-1.23,-0.3101,0.24,1.9077,5,-3.05,-0.7689,0.24,3.63,15,-3.9,-0.9832,0.24,4.45,30,-4.2,-1.0588,0.24,6.34,64
SPY,3,2022-09-02,13:09,bull,up,-109.07,395.2133,394.68,-1.6133,-0.4082,0.6767,1.8633,5,-2.7333,-0.6916,0.6767,2.9533,15,-1.7998,-0.4554,0.6767,2.9933,30,-2.7433,-0.6941,1.204,4.8833,57
SPY,3,2022-09-02,13:30,bull,up,-105.77,393.47,393.25,0.26,0.0661,0.965,0.43,5,-0.65,-0.1652,0.965,1.25,15,-0.24,-0.061,0.965,1.25,30,-1.0,-0.2541,2.9473,3.14,50
SPY,5,2022-09-02,14:00,bull,up,-102.57,392.8301,392.22,0.9106,0.2318,1.0089,0.5611,5,0.4949,0.126,1.1999,0.5611,15,-0.2301,-0.0586,3.5872,2.5001,24,-0.2301,-0.0586,3.5872,2.5001,24
SPY,5,2022-09-06,09:55,hidden_bull,up,-129.12,391.64,390.66,-2.5401,-0.6486,0.01,3.22,5,1.47,0.3753,2.41,3.22,15,-0.52,-0.1328,2.41,3.22,30,-1.14,-0.2911,2.41,3.22,73
SPY,3,2022-09-12,10:21,bear,down,113.58,411.38,411.63,0.4401,0.107,0.55,0.35,5,1.235,0.3002,1.52,0.35,15,1.49,0.3622,1.54,0.35,30,0.27,0.0656,2.91,0.35,113
SPY,5,2022-09-13,10:05,bull,up,-109.67,400.37,399.7,-0.8218,-0.2053,0.66,0.98,5,-2.56,-0.6394,0.66,2.62,15,-1.9384,-0.4842,0.66,2.77,30,-6.61,-1.651,0.66,8.45,71
SPY,10,2022-09-13,10:50,bull,up,-144.58,398.4101,398.26,-0.5801,-0.1456,0.4099,0.7801,5,1.0406,0.2612,1.0799,0.8101,15,-5.2801,-1.3253,1.2499,6.4901,30,-4.6601,-1.1697,1.2499,6.4901,31
SPY,5,2022-09-13,10:55,bull,up,-101.6,398.4101,398.02,-0.6001,-0.1506,0.4099,0.6601,5,0.4999,0.1255,0.5099,0.8101,15,1.0406,0.2612,1.0799,0.8101,30,-4.6501,-1.1672,1.2499,6.4901,61
SPY,3,2022-09-13,15:12,bull,up,-113.87,394.87,394.66,-0.69,-0.1747,0.24,0.7,5,-1.74,-0.4407,0.24,2.95,15,-1.31,-0.3318,0.24,2.95,16,-1.31,-0.3318,0.24,2.95,16
SPY,3,2022-09-19,09:54,hidden_bear,down,105.49,384.83,385.49,-0.07,-0.0182,0.8,0.12,5,-1.99,-0.5171,0.8,2.03,15,-0.71,-0.1845,0.8,2.335,30,-4.17,-1.0836,0.935,4.54,122
SPY,3,2022-10-13,11:42,bear,down,113.77,362.95,365.34,0.09,0.0248,1.355,0.2981,5,1.63,0.4491,2.0001,1.1,15,-0.37,-0.1019,2.0001,1.1,30,-3.44,-0.9478,2.0001,4.56,86
SPY,5,2022-10-17,10:20,bear,down,102.66,366.96,367.9286,0.58,0.1581,0.785,0.18,5,0.3352,0.0913,2.36,0.18,15,0.06,0.0164,2.36,0.64,30,-0.09,-0.0245,9.6792,0.96,68
SPY,3,2022-10-18,11:39,bull,up,-103.89,367.8,367.52,1.2358,0.336,1.52,0.2,5,1.7899,0.4867,3.0,0.2,15,2.53,0.6879,3.64,0.2,30,3.88,1.0549,4.58,0.2,87
SPY,5,2022-10-28,11:00,bear,down,102.93,385.41,385.8349,0.15,0.0389,0.36,0.8772,5,-1.055,-0.2737,0.56,1.3,15,-2.21,-0.5734,0.56,2.37,30,-3.89,-1.0093,0.56,4.11,60
SPY,3,2022-11-08,09:42,hidden_bull,up,-105.94,380.06,379.53,0.33,0.0868,1.08,0.49,5,1.9031,0.5007,2.2281,0.49,15,3.51,0.9235,3.58,0.49,30,1.58,0.4157,5.06,2.34,126
SPY,5,2022-11-10,10:00,bear,down,116.23,389.7368,389.83,-0.0182,-0.0047,0.9068,0.3832,5,-0.5232,-0.1342,1.8168,0.9532,15,-0.4132,-0.106,1.8168,2.3032,30,-5.1432,-1.3197,1.8168,5.3632,72
SPY,10,2022-11-10,11:40,bear,down,105.43,391.39,391.7299,1.6575,0.4235,1.69,0.65,5,-0.015,-0.0038,2.42,0.65,15,-3.63,-0.9275,2.42,3.8,26,-3.63,-0.9275,2.42,3.8,26
SPY,3,2022-11-28,09:39,hidden_bear,down,100.64,400.24,400.73,0.52,0.1299,0.63,0.32,5,1.16,0.2898,1.4148,0.32,15,1.65,0.4123,2.05,0.32,30,4.19,1.0469,5.13,0.32,127
SPY,3,2022-11-30,14:06,bear,down,129.01,400.96,401.2899,-2.0,-0.4988,0.21,2.49,5,-2.0101,-0.5013,0.21,2.53,15,-4.76,-1.1872,0.21,5.59,30,-6.74,-1.681,0.21,6.97,38
SPY,10,2022-11-30,15:30,bear,down,147.54,405.745,405.44,-2.105,-0.5188,0.205,2.195,3,-2.105,-0.5188,0.205,2.195,3,-2.105,-0.5188,0.205,2.195,3,-2.105,-0.5188,0.205,2.195,3
SPY,5,2022-11-30,15:35,bear,down,136.42,405.745,406.19,-1.9025,-0.4689,0.205,2.185,5,-1.9025,-0.4689,0.205,2.185,5,-1.9025,-0.4689,0.205,2.185,5,-1.9025,-0.4689,0.205,2.185,5
SPY,5,2022-12-06,10:40,bull,up,-113.13,395.9,395.23,-0.68,-0.1718,0.21,0.82,5,-0.83,-0.2096,0.21,1.3,15,-2.38,-0.6012,0.21,2.8,30,-2.14,-0.5405,0.21,4.26,64
SPY,3,2022-12-06,10:42,bull,up,-100.86,395.9,394.81,-0.46,-0.1162,0.21,0.62,5,-0.4201,-0.1061,0.21,1.3,15,-0.83,-0.2096,0.21,1.3,30,-2.16,-0.5456,0.21,4.26,106
SPY,3,2022-12-12,15:27,bear,down,124.23,398.075,398.246,0.1005,0.0252,0.105,0.625,5,-0.485,-0.1218,0.205,0.875,11,-0.485,-0.1218,0.205,0.875,11,-0.485,-0.1218,0.205,0.875,11
SPY,3,2022-12-21,11:03,bear,down,101.91,386.85,387.02,0.14,0.0362,0.4299,0.45,5,1.14,0.2947,1.18,0.45,15,0.91,0.2352,1.44,0.45,30,0.62,0.1603,1.61,0.56,99
SPY,3,2022-12-22,10:06,bull,up,-101.64,380.21,380.22,-0.4001,-0.1052,6.0034,0.85,5,-0.48,-0.1262,6.0034,1.29,15,-1.41,-0.3708,6.0034,1.55,30,0.8,0.2104,6.0034,5.44,118
SPY,5,2022-12-22,10:10,bull,up,-121.01,379.93,379.73,-0.79,-0.2079,0.27,0.92,5,-0.78,-0.2053,0.27,1.27,15,-3.49,-0.9186,0.27,3.82,30,1.0,0.2632,1.51,5.16,70
SPY,10,2022-12-22,12:40,bull,up,-105.86,376.6089,376.31,-0.9989,-0.2652,0.0611,1.8389,5,2.7811,0.7385,2.8611,1.8389,15,3.8411,1.0199,4.8311,1.8389,20,3.8411,1.0199,4.8311,1.8389,20
SPY,3,2022-12-22,13:09,bull,up,-106.71,375.86,375.22,-0.33,-0.0878,0.17,0.52,5,-0.3901,-0.1038,0.17,1.09,15,1.0,0.2661,1.76,1.09,30,5.15,1.3702,5.58,1.09,57
SPY,5,2022-12-22,13:35,bull,up,-100.33,375.61,374.77,0.06,0.016,0.51,0.29,5,2.41,0.6416,2.45,0.29,15,5.32,1.4164,5.83,0.29,29,5.32,1.4164,5.83,0.29,29
SPY,10,2022-12-29,12:00,bear,down,100.59,383.94,384.24,0.14,0.0365,0.68,0.2,5,0.115,0.03,0.75,0.41,15,0.42,0.1094,0.79,0.41,24,0.42,0.1094,0.79,0.41,24
SPY,3,2023-01-18,11:39,bull,up,-103.4,394.55,394.46,-0.0319,-0.0081,0.31,0.34,5,-0.92,-0.2332,0.52,1.04,15,-1.96,-0.4968,0.52,1.98,30,-3.14,-0.7958,0.52,3.27,87
SPY,10,2023-01-18,12:30,bull,up,-104.71,393.822,393.51,-0.4921,-0.125,0.198,1.292,5,-0.787,-0.1998,0.238,1.292,15,-2.342,-0.5947,0.238,2.542,21,-2.342,-0.5947,0.238,2.542,21
SPY,10,2023-01-23,10:50,bear,down,102.36,399.88,399.96,-1.575,-0.3939,-0.01,2.23,5,-2.0,-0.5002,-0.01,2.23,15,-0.71,-0.1776,1.1599,2.765,30,-0.5,-0.125,1.1599,2.765,31
SPY,5,2023-02-01,15:40,bear,down,100.38,412.56,413.41,2.1,0.509,2.58,0.22,4,2.1,0.509,2.58,0.22,4,2.1,0.509,2.58,0.22,4,2.1,0.509,2.58,0.22,4
SPY,5,2023-03-09,14:05,bull,up,-122.31,394.67,394.41,-0.645,-0.1634,0.76,0.77,5,-3.4875,-0.8836,0.76,4.14,15,-3.22,-0.8159,0.76,4.14,23,-3.22,-0.8159,0.76,4.14,23
SPY,3,2023-03-09,14:06,bull,up,-112.74,394.53,394.36,0.55,0.1394,0.6199,0.25,5,-0.34,-0.0862,0.9,0.79,15,-2.29,-0.5804,0.9,4.0,30,-3.01,-0.7629,0.9,4.0,38
SPY,3,2023-03-10,13:51,bull,up,-105.9,384.65,384.7,1.5,0.39,1.87,0.13,5,2.06,0.5356,2.86,0.13,15,1.39,0.3614,3.77,0.13,30,1.54,0.4004,3.77,0.13,43
SPY,5,2023-04-03,10:25,bear,down,102.49,411.19,411.31,1.88,0.4572,2.02,0.18,5,2.15,0.5229,2.75,0.18,15,1.91,0.4645,2.75,0.18,30,0.17,0.0413,2.75,0.18,67
SPY,3,2023-04-17,15:24,bear,down,105.33,413.3409,413.34,0.1709,0.0413,0.2009,0.2091,5,-0.7391,-0.1788,0.2909,0.7891,12,-0.7391,-0.1788,0.2909,0.7891,12,-0.7391,-0.1788,0.2909,0.7891,12
SPY,5,2023-04-18,09:30,bear,down,109.92,415.2,414.17,0.525,0.1264,0.71,0.52,5,1.775,0.4275,2.27,0.52,15,1.71,0.4118,2.4198,0.52,30,1.2,0.289,2.4198,0.52,78
SPY,5,2023-04-20,15:20,bull,up,-108.73,410.6019,410.39,0.2581,0.0629,0.4181,0.3319,5,1.6281,0.3965,1.7581,0.3319,8,1.6281,0.3965,1.7581,0.3319,8,1.6281,0.3965,1.7581,0.3319,8
SPY,3,2023-04-20,15:21,bull,up,-104.08,410.695,410.34,0.165,0.0402,0.265,0.425,5,1.495,0.364,1.665,0.425,13,1.495,0.364,1.665,0.425,13,1.495,0.364,1.665,0.425,13
SPY,3,2023-04-27,14:21,bear,down,101.99,411.3401,411.53,-0.4049,-0.0984,0.0101,0.7799,5,-1.2399,-0.3014,0.0101,1.3149,15,-1.1899,-0.2893,0.0101,1.3499,30,-1.7799,-0.4327,0.0101,2.2299,33
SPY,3,2023-04-27,15:03,bear,down,108.68,412.4981,412.58,-0.0119,-0.0029,0.4281,0.1119,5,-0.0769,-0.0186,0.4281,0.1919,15,-0.6219,-0.1508,0.6381,1.0719,19,-0.6219,-0.1508,0.6381,1.0719,19
SPY,5,2023-04-27,15:05,bear,down,123.72,412.495,412.655,0.285,0.0691,0.425,0.195,5,-0.755,-0.183,2.0176,1.075,11,-0.755,-0.183,2.0176,1.075,11,-0.755,-0.183,2.0176,1.075,11
SPY,10,2023-04-28,10:30,bear,down,119.19,413.89,414.81,0.1401,0.0338,1.58,0.87,5,-1.39,-0.3358,1.58,1.65,15,-1.085,-0.2621,1.58,1.69,30,-2.29,-0.5533,1.58,2.42,33
SPY,3,2023-05-02,10:51,hidden_bear,down,-125.61,409.1899,409.92,0.4999,0.1222,1.0699,0.3301,5,0.6249,0.1527,1.3699,0.3301,15,0.2749,0.0672,1.3699,0.3301,30,-1.8401,-0.4497,1.3699,2.3901,103
SPY,3,2023-05-02,11:03,bull,up,-130.11,408.84,408.12,-0.1699,-0.0416,0.15,0.4,5,0.2401,0.0587,0.585,1.02,15,0.48,0.1174,0.585,1.02,30,2.19,0.5357,2.74,1.02,99
SPY,3,2023-05-05,10:09,bear,down,101.22,410.87,410.99,0.21,0.0511,0.38,0.2499,5,-0.35,-0.0852,0.4,0.77,15,0.035,0.0085,0.4,0.77,30,-1.47,-0.3578,0.67,2.85,117
SPY,5,2023-05-05,10:15,bear,down,111.57,410.95,411.0,-0.4,-0.0973,0.48,0.69,5,-0.2899,-0.0705,0.48,0.69,15,0.5689,0.1384,0.75,0.69,30,-1.26,-0.3066,0.75,2.77,69
SPY,3,2023-05-15,09:39,hidden_bull,up,-111.56,411.475,411.36,-0.635,-0.1543,0.215,0.655,5,-0.445,-0.1081,0.215,1.245,15,0.235,0.0571,0.505,1.245,30,1.415,0.3439,1.955,1.245,127
SPY,10,2023-05-15,10:10,hidden_bull,up,-103.64,410.55,410.32,1.17,0.285,1.43,0.16,5,1.82,0.4433,1.9,0.16,15,2.17,0.5286,2.88,0.16,30,2.41,0.587,2.88,0.16,35
SPY,3,2023-05-15,10:15,bull,up,-107.52,410.37,410.29,0.69,0.1681,0.8599,0.03,5,1.31,0.3192,1.61,0.03,15,1.39,0.3387,1.82,0.03,30,2.52,0.6141,3.06,0.03,115
SPY,5,2023-05-17,13:35,bear,down,126.18,415.28,415.54,-0.12,-0.0289,0.05,0.575,5,0.49,0.118,0.65,0.575,15,0.29,0.0698,0.83,0.575,29,0.29,0.0698,0.83,0.575,29
SPY,3,2023-05-17,13:36,bear,down,106.01,415.31,415.55,-0.36,-0.0867,0.08,0.545,5,-0.12,-0.0289,0.28,0.545,15,0.17,0.0409,0.86,0.545,30,0.3,0.0722,0.86,0.545,48
SPY,5,2023-05-17,13:45,hidden_bull,up,111.27,415.7,415.23,-0.3,-0.0722,0.155,0.67,5,-0.8,-0.1924,0.155,1.25,15,-0.71,-0.1708,0.155,1.25,27,-0.71,-0.1708,0.155,1.25,27
SPY,3,2023-05-17,13:51,bear,down,103.88,415.67,415.84,0.5412,0.1302,0.545,0.16,5,0.495,0.1191,0.89,0.16,15,1.0,0.2406,1.22,0.16,30,0.66,0.1588,1.22,0.16,43
SPY,5,2023-06-09,10:20,bear,down,125.74,431.5801,431.9,0.5901,0.1367,0.6701,0.4099,5,1.7101,0.3962,2.2801,0.4099,15,1.9701,0.4565,2.7101,0.4099,30,1.5001,0.3476,2.7101,0.4099,68
SPY,10,2023-06-15,11:40,bear,down,102.32,440.25,441.0506,-0.65,-0.1476,3.0666,0.84,5,-1.13,-0.2567,3.0666,1.765,15,-1.86,-0.4225,3.0666,3.65,26,-1.86,-0.4225,3.0666,3.65,26
SPY,3,2023-07-05,09:45,hidden_bear,down,109.08,442.9617,443.17,-0.2833,-0.064,0.1517,0.4783,5,-0.6683,-0.1509,0.1517,0.6783,15,-0.5183,-0.117,0.1517,0.9273,30,-0.1483,-0.0335,0.6517,0.9273,125
SPY,3,2023-07-07,13:06,bear,down,126.18,442.515,442.55,-0.055,-0.0124,0.105,0.125,5,0.504,0.1139,0.555,0.125,15,1.175,0.2655,1.225,0.125,30,3.635,0.8214,4.215,0.125,58
SPY,5,2023-07-07,13:10,bear,down,124.59,442.461,442.56,0.271,0.0612,0.501,0.179,5,0.681,0.1539,0.961,0.179,15,2.931,0.6624,2.9714,0.179,30,3.541,0.8003,4.161,0.179,34
SPY,10,2023-07-18,14:30,bear,down,105.31,453.935,454.32,-0.55,-0.1212,0.175,0.91,5,0.0554,0.0122,0.175,0.925,9,0.0554,0.0122,0.175,0.925,9,0.0554,0.0122,0.175,0.925,9
SPY,5,2023-07-27,14:15,bull,up,-110.03,454.86,454.355,-1.23,-0.2704,0.3,1.98,5,-2.245,-0.4936,0.3,2.45,15,-1.98,-0.4353,0.3,3.31,21,-1.98,-0.4353,0.3,3.31,21
SPY,10,2023-07-27,15:50,bull,up,-113.24,452.48,451.55,0.4,0.0884,1.5305,0.08,1,0.4,0.0884,1.5305,0.08,1,0.4,0.0884,1.5305,0.08,1,0.4,0.0884,1.5305,0.08,1
SPY,3,2023-08-04,14:24,bull,up,-141.56,448.42,448.21,-0.67,-0.1494,0.26,0.98,5,-1.22,-0.2721,0.26,1.75,15,-2.0088,-0.448,0.26,2.15,30,-1.66,-0.3702,0.26,2.15,32
SPY,3,2023-08-09,11:54,bull,up,-103.75,445.345,445.175,0.385,0.0864,0.785,0.235,5,1.035,0.2324,1.215,0.235,15,2.08,0.4671,2.215,0.235,30,0.805,0.1808,3.5414,0.235,82
SPY,5,2023-08-09,11:55,bull,up,-113.37,445.395,445.175,0.455,0.1022,0.745,0.14,5,1.965,0.4412,2.025,0.14,15,3.115,0.6994,3.185,0.14,30,0.765,0.1718,3.4914,0.14,49
SPY,5,2023-08-22,10:00,hidden_bull,up,-107.1,439.9495,439.58,-0.3795,-0.0863,0.4605,0.5395,5,-0.7395,-0.1681,0.4605,1.3095,15,-1.5845,-0.3602,0.4605,2.1895,30,-1.9495,-0.4431,0.4605,2.3795,72
SPY,3,2023-08-29,10:24,bear,down,119.32,445.789,446.06,-0.0211,-0.0047,0.059,0.991,5,-0.351,-0.0787,0.299,0.991,15,-1.6211,-0.3636,0.299,2.161,30,-3.481,-0.7809,0.299,3.661,112
SPY,5,2023-08-29,11:45,bear,down,125.2,447.5699,447.94,-0.0801,-0.0179,0.1598,0.3501,5,-0.6954,-0.1554,0.1598,0.8751,15,-0.7101,-0.1587,0.1598,1.1901,30,-1.6601,-0.3709,0.5559,1.8801,51
SPY,10,2023-08-29,12:30,bear,down,124.36,448.01,448.445,-0.26,-0.058,0.46,0.43,5,-0.43,-0.096,0.46,0.85,15,-1.26,-0.2812,0.996,1.44,21,-1.26,-0.2812,0.996,1.44,21
SPY,3,2023-09-15,09:48,bull,up,-129.35,446.35,446.185,0.47,0.1053,0.58,0.35,5,-0.4101,-0.0919,0.585,0.78,15,-1.79,-0.401,0.585,2.07,30,-2.97,-0.6654,0.585,3.43,124
SPY,10,2023-09-15,11:00,bull,up,-128.32,444.7199,444.53,0.3751,0.0843,0.6001,0.2949,5,-0.8597,-0.1933,0.6601,1.6999,15,-1.3599,-0.3058,0.6601,1.7999,30,-1.3599,-0.3058,0.6601,1.7999,30
SPY,5,2023-09-15,11:05,bull,up,-113.0,444.7199,444.28,-0.0149,-0.0034,0.4051,0.2949,5,0.4551,0.1023,0.6001,0.2949,15,-0.8597,-0.1933,0.6601,1.6999,30,-1.4499,-0.326,0.6601,1.7999,59
SPY,5,2023-09-19,10:40,bull,up,-108.9,440.89,440.67,-0.13,-0.0295,0.23,0.395,5,-0.03,-0.0068,0.23,0.45,15,0.0969,0.022,0.23,0.95,30,1.89,0.4287,2.4,0.95,64
SPY,3,2023-09-27,15:12,bear,down,123.12,426.75,427.37,0.25,0.0586,0.44,0.185,5,0.73,0.1711,1.895,0.185,15,0.56,0.1312,1.895,0.185,16,0.56,0.1312,1.895,0.185,16
SPY,10,2023-10-10,10:40,bear,down,114.99,435.0899,435.7,-1.4901,-0.3425,0.0549,1.5701,5,-0.1201,-0.0276,0.4299,2.1301,15,0.0749,0.0172,1.9998,2.1301,30,0.5399,0.1241,1.9998,2.1301,32
SPY,5,2023-10-10,11:20,bear,down,111.78,436.47,436.64,-0.22,-0.0504,0.302,0.47,5,-0.42,-0.0962,0.302,0.75,15,1.07,0.2451,3.3799,0.75,30,1.81,0.4147,3.3799,0.75,56
SPY,5,2023-10-12,09:55,hidden_bull,up,-102.33,435.43,435.32,0.63,0.1447,0.905,0.45,5,1.2,0.2756,1.27,0.45,15,1.78,0.4088,1.905,0.45,30,-1.73,-0.3973,1.905,4.2,73
SPY,10,2023-10-12,10:00,hidden_bull,up,-100.33,435.66,435.07,0.48,0.1102,1.04,0.46,5,1.49,0.342,1.675,0.46,15,-2.24,-0.5142,1.675,4.43,30,-1.72,-0.3948,1.675,4.43,36
SPY,3,2023-10-12,14:12,bull,up,-121.84,431.579,431.2837,1.011,0.2343,1.051,0.349,5,1.391,0.3223,1.7935,0.349,15,2.1909,0.5076,2.711,0.349,30,2.171,0.503,2.711,0.349,36
SPY,5,2023-11-02,11:00,bear,down,112.09,429.21,429.32,0.52,0.1212,1.04,0.11,5,0.41,0.0955,1.04,0.11,15,-0.815,-0.1899,1.04,0.82,30,-1.33,-0.3099,1.6266,1.705,60
SPY,3,2023-11-09,09:42,hidden_bull,up,-105.46,437.42,437.21,0.46,0.1052,0.46,0.44,5,-0.9324,-0.2132,0.7393,1.06,15,0.155,0.0354,0.7393,1.34,30,-3.42,-0.7819,0.7393,4.02,126
SPY,5,2023-11-14,10:25,hidden_bull,up,110.33,448.87,448.01,0.28,0.0624,0.5112,0.1514,5,0.58,0.1292,0.86,0.1514,15,-0.12,-0.0267,0.86,1.143,30,0.19,0.0423,1.19,1.17,67
SPY,5,2023-11-14,10:35,bear,down,121.2,449.03,449.2073,-0.2096,-0.0467,0.24,0.3512,5,0.145,0.0323,0.36,0.7,15,0.29,0.0646,1.303,0.7,30,-0.03,-0.0067,1.33,1.03,65
SPY,5,2023-11-17,09:45,hidden_bull,up,-116.27,449.87,449.46,-0.06,-0.0133,0.322,0.38,5,-0.22,-0.0489,0.5,0.38,15,0.6,0.1334,0.82,0.58,30,0.84,0.1867,1.55,0.58,75
SPY,10,2023-12-07,10:40,bear,down,114.26,457.77,458.145,-0.0514,-0.0112,1.258,0.28,5,-0.465,-0.1016,1.258,0.78,15,-0.29,-0.0634,1.258,1.13,30,-0.34,-0.0743,1.258,1.13,32
SPY,3,2023-12-13,14:45,bear,down,154.58,469.27,469.4,-0.89,-0.1897,0.34,0.94,5,0.26,0.0554,1.14,1.4899,15,-1.18,-0.2515,1.14,1.4899,25,-1.18,-0.2515,1.14,1.4899,25
SPY,3,2023-12-13,15:06,bear,down,144.05,470.4299,470.73,1.6699,0.355,1.6999,0.0551,5,0.9299,0.1977,2.2999,0.0551,15,-0.0201,-0.0043,2.2999,0.2701,18,-0.0201,-0.0043,2.2999,0.2701,18
SPY,3,2023-12-14,13:30,bull,up,-106.74,470.96,470.82,-0.27,-0.0573,0.06,0.28,5,-0.12,-0.0255,0.06,1.71,15,0.615,0.1306,0.66,1.71,30,0.85,0.1805,1.15,1.71,50
SPY,5,2023-12-20,10:35,bear,down,103.77,475.35,475.555,0.0301,0.0063,0.185,0.24,5,0.0899,0.0189,0.32,0.24,15,-0.26,-0.0547,0.32,0.545,30,7.6,1.5988,7.99,0.545,65
SPY,3,2023-12-29,11:18,bull,up,-107.6,474.56,474.14,-0.615,-0.1296,0.03,0.69,5,-0.5099,-0.1074,0.03,0.79,15,-0.41,-0.0864,0.03,1.26,30,0.56,0.118,1.33,1.26,94
SPY,3,2024-01-08,14:48,bear,down,110.21,473.41,473.47,-0.41,-0.0866,0.04,0.59,5,-0.31,-0.0655,0.04,0.59,15,-1.07,-0.226,3.07,1.34,24,-1.07,-0.226,3.07,1.34,24
SPY,3,2024-01-08,15:03,hidden_bull,up,105.87,473.82,473.52,-0.07,-0.0148,0.11,0.44,5,0.481,0.1015,0.67,0.44,15,0.66,0.1393,0.93,3.48,19,0.66,0.1393,0.93,3.48,19
SPY,3,2024-04-04,14:42,hidden_bear,down,-145.48,516.2,517.92,0.309,0.0599,0.7,1.03,5,2.51,0.4862,2.54,1.03,15,2.68,0.5192,3.445,1.03,26,2.68,0.5192,3.445,1.03,26
SPY,3,2024-04-04,15:03,bull,up,-112.5,515.5901,514.85,-0.4501,-0.0873,0.4699,1.0701,5,-1.8801,-0.3647,0.4699,2.8351,15,-2.0701,-0.4015,0.4699,2.8351,19,-2.0701,-0.4015,0.4699,2.8351,19
SPY,5,2024-04-04,15:30,bull,up,-134.8,513.98,513.66,-0.95,-0.1848,0.4,1.225,5,-0.44,-0.0856,5.8262,1.225,6,-0.44,-0.0856,5.8262,1.225,6,-0.44,-0.0856,5.8262,1.225,6
SPY,3,2024-04-10,09:30,bear,down,101.54,513.64,520.23,0.6188,0.1205,0.92,0.52,5,-0.65,-0.1265,0.97,1.23,15,-0.57,-0.111,0.97,2.52,30,0.0,0.0,1.55,2.52,130
SPY,3,2024-04-22,14:21,bear,down,111.96,502.14,502.14,-0.04,-0.008,0.11,0.24,5,1.16,0.231,1.515,0.24,15,2.889,0.5753,2.96,0.24,30,3.02,0.6014,3.235,0.24,33
SPY,5,2024-04-22,14:25,bear,down,130.25,502.06,502.335,1.18,0.235,1.435,0.32,5,2.29,0.4561,2.88,0.32,15,3.07,0.6115,3.155,0.32,19,3.07,0.6115,3.155,0.32,19
SPY,10,2024-04-23,10:40,bear,down,111.68,504.53,505.13,-0.3114,-0.0617,0.48,0.81,5,-0.45,-0.0892,4.9972,1.07,15,-1.159,-0.2297,4.9972,1.56,30,-1.18,-0.2339,4.9972,1.56,32
SPY,3,2024-05-13,09:48,hidden_bull,up,-101.09,521.48,521.1,0.135,0.0259,0.3,0.14,5,-0.0349,-0.0067,0.365,0.3,15,-0.22,-0.0422,0.365,0.53,30,-0.56,-0.1074,0.365,1.74,124
SPY,3,2024-05-23,09:42,hidden_bull,up,-154.77,531.77,531.3499,-1.81,-0.3404,-0.05,2.225,5,-1.3201,-0.2482,-0.05,2.225,15,-1.395,-0.2623,-0.05,2.79,30,-5.97,-1.1227,-0.05,7.05,126
SPY,3,2024-05-23,09:45,bear,down,-136.58,531.1,531.81,1.15,0.2165,1.555,0.01,5,0.73,0.1375,1.555,0.01,15,0.75,0.1412,2.12,0.01,30,5.3,0.9979,6.38,0.384,125
SPY,5,2024-05-23,10:00,hidden_bull,up,-166.14,530.0699,529.59,0.38,0.0717,0.9201,0.3399,5,0.1901,0.0359,0.9201,1.0899,15,1.0901,0.2057,1.4141,1.0899,30,-4.5499,-0.8584,1.4141,5.3499,72
SPY,10,2024-05-23,11:00,bull,up,-100.87,530.5311,529.01,0.5489,0.1035,0.9529,0.3801,5,-2.5111,-0.4733,0.9529,2.5911,15,-4.4811,-0.8446,0.9529,5.8111,30,-4.4811,-0.8446,0.9529,5.8111,30
SPY,3,2024-06-17,12:48,bear,down,129.44,545.7186,545.79,0.0286,0.0052,0.3236,0.1914,5,-1.3214,-0.2421,0.3236,1.3514,15,-1.8314,-0.3356,0.3236,2.8114,30,-1.0014,-0.1835,0.3236,2.8114,64
SPY,5,2024-06-17,13:20,bear,down,118.63,546.34,546.48,-0.67,-0.1226,0.15,1.03,5,-1.65,-0.302,0.15,2.19,15,-0.785,-0.1437,0.15,2.19,30,-0.3,-0.0549,0.15,2.19,32
SPY,3,2024-06-17,13:21,bear,down,114.93,546.225,546.54,-0.965,-0.1767,0.035,1.055,5,-2.04,-0.3735,0.035,2.305,15,-1.43,-0.2618,0.035,2.305,30,-0.495,-0.0906,0.035,2.305,53
SPY,3,2024-06-18,09:42,hidden_bear,down,111.62,547.86,548.0599,0.33,0.0602,0.39,0.21,5,0.45,0.0821,0.68,0.21,15,1.01,0.1844,1.13,0.21,30,-0.31,-0.0566,1.13,0.76,126
SPY,3,2024-07-02,09:42,hidden_bear,down,143.15,545.16,545.52,0.035,0.0064,0.49,0.43,5,-0.17,-0.0312,0.69,0.55,15,-0.6709,-0.1231,0.69,0.8601,30,-3.34,-0.6127,0.69,3.85,126
SPY,3,2024-07-10,13:06,bear,down,103.0,559.56,559.7,0.27,0.0483,0.3,0.1,5,-0.242,-0.0432,0.435,0.2899,15,-0.22,-0.0393,0.435,0.31,30,-1.56,-0.2788,0.435,2.11,58
SPY,10,2024-07-10,14:00,bear,down,103.91,559.61,559.8499,-0.48,-0.0858,0.1849,0.61,5,-1.52,-0.2716,0.1849,2.06,12,-1.52,-0.2716,0.1849,2.06,12,-1.52,-0.2716,0.1849,2.06,12
SPY,10,2024-07-12,13:50,bear,down,121.46,563.0499,563.65,-0.0651,-0.0116,0.4499,0.3601,5,3.2699,0.5807,4.0999,0.3601,13,3.2699,0.5807,4.0999,0.3601,13,3.2699,0.5807,4.0999,0.3601,13
SPY,5,2024-07-24,11:25,bull,up,-103.34,544.74,544.19,0.14,0.0257,0.54,0.19,5,-1.01,-0.1854,0.54,1.11,15,-0.86,-0.1579,0.54,1.11,30,-3.32,-0.6095,0.54,4.45,55
SPY,10,2024-07-24,12:10,bull,up,-108.4,544.66,543.89,0.06,0.011,0.14,1.03,5,-2.39,-0.4388,0.37,2.49,15,-2.7,-0.4957,0.37,4.37,23,-2.7,-0.4957,0.37,4.37,23
SPY,5,2024-07-30,11:50,bull,up,-103.8,540.74,540.59,0.11,0.0203,0.53,0.49,5,-0.94,-0.1738,0.53,2.225,15,1.59,0.294,1.92,2.225,30,-2.5,-0.4623,2.915,2.77,50
SPY,10,2024-07-30,13:00,bull,up,-106.22,539.8,538.79,1.52,0.2816,1.71,0.28,5,1.61,0.2983,2.86,0.28,15,-0.79,-0.1464,3.855,1.83,18,-0.79,-0.1464,3.855,1.83,18
SPY,3,2024-08-01,10:48,bull,up,-100.11,548.3,548.08,-1.96,-0.3575,0.0455,2.1449,5,-2.62,-0.4778,0.0455,2.65,15,-2.82,-0.5143,0.0455,4.13,30,-7.06,-1.2876,0.0455,8.87,104
SPY,3,2024-08-01,11:48,bull,up,-101.74,544.669,544.21,0.531,0.0975,0.871,0.219,5,-0.519,-0.0953,1.7364,0.559,15,-2.519,-0.4625,1.7364,2.559,30,-3.429,-0.6296,1.7364,5.239,84
SPY,5,2024-08-01,11:50,bull,up,-111.92,544.97,544.17,0.7,0.1284,1.4354,0.45,5,-2.06,-0.378,1.4354,2.26,15,-4.33,-0.7945,1.4354,4.77,30,-3.63,-0.6661,1.4354,5.54,50
SPY,10,2024-08-01,13:20,bull,up,-106.07,542.3,542.23,-1.96,-0.3614,0.5596,2.1,5,0.74,0.1365,1.17,2.87,15,-0.78,-0.1438,1.17,2.87,16,-0.78,-0.1438,1.17,2.87,16
SPY,5,2024-09-03,10:55,bull,up,-110.28,555.3399,555.1,0.7901,0.1423,1.4496,0.1899,5,0.6451,0.1162,1.6501,0.1899,15,0.3301,0.0594,1.6501,0.6599,30,-2.9199,-0.5258,1.6501,5.8299,61
SPY,3,2024-09-04,09:42,hidden_bear,down,113.66,551.54,552.2,-0.95,-0.1722,0.305,1.015,5,-0.95,-0.1722,1.515,1.24,15,-1.655,-0.3001,1.515,2.89,30,0.83,0.1505,2.08,2.89,126
SPY,3,2024-09-11,14:45,bear,down,104.46,551.84,552.69,0.22,0.0399,0.69,0.44,5,-1.3,-0.2356,0.69,1.64,15,-2.28,-0.4132,0.69,3.52,25,-2.28,-0.4132,0.69,3.52,25
SPY,5,2024-09-11,14:45,bear,down,104.07,552.1,552.69,-0.16,-0.029,0.95,0.4,5,-2.05,-0.3713,0.95,3.26,15,-2.05,-0.3713,0.95,3.26,15,-2.05,-0.3713,0.95,3.26,15
SPY,3,2024-09-26,09:36,hidden_bull,up,-100.61,573.86,573.38,-0.38,-0.0662,0.07,0.56,5,-0.892,-0.1554,0.29,1.12,15,-1.79,-0.3119,0.29,2.96,30,-1.63,-0.284,0.29,3.96,128
SPY,3,2024-10-01,10:12,bull,up,-120.8,567.6599,567.24,-0.1999,-0.0352,1.1701,0.8899,5,0.3701,0.0652,1.1701,1.0499,15,1.3601,0.2396,6.4023,1.6599,30,1.4801,0.2607,6.4023,1.6599,116
SPY,5,2024-10-01,10:20,bull,up,-144.43,568.1101,567.0,-0.1601,-0.0282,0.6799,1.5001,5,0.7549,0.1329,5.9521,2.1101,15,0.2699,0.0475,5.9521,2.1101,30,0.8999,0.1584,5.9521,2.1101,68
SPY,5,2024-10-14,10:35,bear,down,112.06,583.655,583.73,1.085,0.1859,1.355,0.1249,5,0.3322,0.0569,1.355,0.1249,15,-0.125,-0.0214,1.355,0.485,30,-0.425,-0.0728,1.355,1.615,65
SPY,3,2024-10-24,09:36,hidden_bull,up,-123.73,579.2,579.02,-0.18,-0.0311,0.2,0.58,5,-0.05,-0.0086,0.73,0.58,15,-0.69,-0.1191,0.73,0.95,30,0.37,0.0639,0.73,2.63,128
SPY,5,2024-10-24,09:50,hidden_bull,up,-109.15,579.39,578.62,-0.23,-0.0397,0.54,0.5099,5,-0.6599,-0.1139,0.54,1.14,15,-1.83,-0.3158,0.54,2.82,30,0.21,0.0362,0.54,2.82,74
SPY,3,2024-11-20,10:12,bull,up,-147.06,585.66,585.31,0.0539,0.0092,0.5599,1.03,5,1.75,0.2988,1.94,1.03,15,1.7,0.2903,2.026,1.03,30,5.15,0.8793,5.32,1.03,116
SPY,3,2024-12-09,10:54,bull,up,-106.36,605.35,605.26,-0.65,-0.1074,0.26,0.74,5,0.34,0.0562,0.625,0.74,15,0.06,0.0099,0.775,0.74,30,-0.8,-0.1322,1.08,1.27,102
SPY,3,2024-12-09,11:12,bull,up,-104.26,605.105,604.61,0.68,0.1124,0.795,0.08,5,0.905,0.1496,1.02,0.08,15,0.71,0.1173,1.02,0.08,30,-0.555,-0.0917,1.325,1.025,96
SPY,5,2024-12-11,10:00,bear,down,134.22,606.46,606.655,-0.075,-0.0124,0.01,0.79,5,-0.51,-0.0841,0.01,0.79,15,-1.3,-0.2144,0.01,1.73,30,-0.72,-0.1187,0.01,1.975,72
SPY,3,2024-12-11,10:15,bear,down,105.05,606.97,607.25,0.37,0.061,0.52,0.02,5,0.27,0.0445,0.52,0.09,15,-0.7701,-0.1269,0.52,0.9,30,-0.28,-0.0461,0.52,1.465,115
SPY,10,2024-12-11,11:40,bear,down,116.53,607.75,607.79,-0.1137,-0.0187,0.25,0.44,5,-0.11,-0.0181,0.25,0.685,15,0.68,0.1119,0.75,0.685,26,0.68,0.1119,0.75,0.685,26
SPY,5,2024-12-18,09:35,hidden_bull,up,-139.2,603.77,603.67,1.1,0.1822,1.17,0.1634,5,2.345,0.3884,2.635,0.1634,15,1.92,0.318,2.635,0.1634,30,-19.2,-3.18,2.635,20.23,77
SPY,3,2024-12-18,09:36,hidden_bull,up,-124.99,603.69,603.47,0.633,0.1049,0.64,0.0834,5,1.51,0.2501,1.7299,0.0834,15,2.271,0.3762,2.715,0.0834,30,-18.32,-3.0347,2.715,18.43,128
SPY,10,2024-12-18,09:40,hidden_bull,up,-115.35,604.08,603.47,1.84,0.3046,1.88,0.16,5,2.11,0.3493,2.325,0.16,15,-5.33,-0.8823,2.325,6.39,30,-20.48,-3.3903,2.325,20.919,38
SPY,3,2024-12-18,14:48,bull,up,-106.4,598.33,598.09,-2.87,-0.4797,0.71,3.44,5,-6.76,-1.1298,0.71,6.81,15,-12.96,-2.166,0.71,13.07,24,-12.96,-2.166,0.71,13.07,24
SPY,5,2024-12-18,15:05,bull,up,-155.67,595.81,595.01,-3.23,-0.5421,0.19,3.5663,5,-11.24,-1.8865,0.19,12.27,11,-11.24,-1.8865,0.19,12.27,11,-11.24,-1.8865,0.19,12.27,11
SPY,5,2024-12-18,15:55,hidden_bear,down,-119.25,586.3,590.67,1.73,0.2951,2.76,0.42,1,1.73,0.2951,2.76,0.42,1,1.73,0.2951,2.76,0.42,1,1.73,0.2951,2.76,0.42,1
SPY,3,2024-12-19,09:30,bull,up,-116.16,591.73,585.26,0.22,0.0372,1.27,1.05,5,-1.41,-0.2383,1.27,3.0299,15,-3.144,-0.5313,1.27,3.94,30,-5.26,-0.8889,1.27,5.88,130
SPY,3,2024-12-20,11:09,bear,down,109.71,590.84,590.82,-1.19,-0.2014,0.26,1.46,5,-3.36,-0.5687,0.26,4.06,15,-4.13,-0.699,0.26,4.91,30,-1.21,-0.2048,1.37,4.91,97
SPY,3,2024-12-20,11:45,bear,down,107.79,594.11,594.9,-0.23,-0.0387,0.93,0.59,5,-0.55,-0.0926,0.93,1.64,15,1.22,0.2053,1.36,1.64,30,2.06,0.3467,4.64,1.64,85
SPY,5,2024-12-20,11:45,bear,down,111.31,594.16,594.9,-0.67,-0.1128,0.98,0.82,5,0.16,0.0269,0.98,1.59,15,1.75,0.2945,2.54,1.59,30,2.1,0.3534,4.69,1.59,51
SPY,3,2024-12-24,10:36,bear,down,101.09,598.73,598.82,-0.1101,-0.0184,0.08,0.6401,5,-0.48,-0.0802,0.08,0.6401,15,-0.8,-0.1336,0.08,1.08,30,-2.35,-0.3925,0.08,2.61,49
SPY,3,2024-12-27,10:12,bull,up,-122.9,594.03,594.03,-0.82,-0.138,0.52,1.24,5,-0.05,-0.0084,0.54,1.78,15,-0.91,-0.1532,0.6499,1.78,30,1.02,0.1717,1.5,3.2653,116
SPY,5,2025-01-02,09:40,hidden_bull,up,-100.79,587.14,586.23,3.35,0.5706,3.99,0.14,5,0.47,0.08,3.99,0.8,15,1.17,0.1993,3.99,1.94,30,-2.09,-0.356,3.99,6.64,76
SPY,5,2025-01-31,14:10,bull,up,-102.55,604.84,603.3,-1.17,-0.1934,0.46,1.2299,5,-3.1711,-0.5243,0.46,3.47,15,-2.84,-0.4695,0.46,3.79,22,-2.84,-0.4695,0.46,3.79,22
SPY,3,2025-02-10,09:42,hidden_bull,up,-107.92,603.1046,602.74,0.3854,0.0639,0.4154,0.2936,5,1.6254,0.2695,1.6854,0.2936,15,1.5554,0.2579,2.2254,0.2936,30,1.6154,0.2678,2.3953,0.2936,126
SPY,3,2025-02-18,09:36,hidden_bull,up,-161.31,610.7,610.555,-0.15,-0.0246,0.1016,0.75,5,-0.8801,-0.1441,0.1016,1.37,15,-0.12,-0.0196,0.1016,1.37,30,0.6899,0.113,0.8,2.32,128
SPY,3,2025-02-18,09:42,bear,down,-134.23,610.1801,610.8016,0.0701,0.0115,0.2301,0.4499,5,0.5501,0.0902,0.8501,0.4499,15,-0.2199,-0.036,0.8501,0.5599,30,-1.2098,-0.1983,1.8001,1.3199,126
SPY,3,2025-02-21,10:33,bull,up,-100.15,606.8,606.59,-0.38,-0.0626,0.2,1.034,5,0.53,0.0873,0.63,1.034,15,0.2,0.033,0.7,1.034,30,-6.61,-1.0893,0.7,7.33,109
SPY,5,2025-02-21,10:35,bull,up,-127.98,606.8399,606.2853,-0.3199,-0.0527,0.3601,1.0739,5,-0.3999,-0.0659,0.6601,1.0739,15,-4.0499,-0.6674,0.6601,4.1199,30,-6.6799,-1.1008,0.6601,7.3699,65
SPY,10,2025-02-21,13:10,bull,up,-129.86,602.85,602.72,-1.1,-0.1825,0.375,1.62,5,-2.67,-0.4429,0.375,3.38,15,-2.55,-0.423,0.375,3.38,17,-2.55,-0.423,0.375,3.38,17
SPY,3,2025-02-21,13:33,bull,up,-101.79,602.255,601.59,-0.2945,-0.0489,0.97,0.515,5,-1.315,-0.2183,0.97,1.315,15,-2.225,-0.3694,0.97,2.785,30,-2.065,-0.3429,0.97,2.785,49
SPY,10,2025-02-21,14:40,bull,up,-126.0,599.94,599.62,0.65,0.1083,0.97,0.28,5,0.36,0.06,0.97,0.44,8,0.36,0.06,0.97,0.44,8,0.36,0.06,0.97,0.44,8
SPY,5,2025-02-27,15:20,bull,up,-108.6,587.39,586.64,-0.79,-0.1345,0.4,1.53,5,-2.19,-0.3728,0.4,2.74,8,-2.19,-0.3728,0.4,2.74,8,-2.19,-0.3728,0.4,2.74,8
SPY,5,2025-03-03,10:10,hidden_bull,up,-100.31,591.94,591.77,1.7499,0.2956,2.69,0.48,5,0.46,0.0777,3.185,0.48,15,1.69,0.2855,3.185,0.77,30,-7.16,-1.2096,3.185,12.04,70
SPY,3,2025-03-03,13:33,bull,up,-111.01,588.26,587.54,0.87,0.1479,5.9594,0.78,5,0.31,0.0527,5.9594,0.78,15,-3.99,-0.6783,5.9594,4.62,30,-3.75,-0.6375,5.9594,8.36,49
SPY,3,2025-03-03,15:30,bull,up,-106.1,581.86,580.83,-0.2704,-0.0465,0.27,1.96,5,2.65,0.4554,2.74,1.96,10,2.65,0.4554,2.74,1.96,10,2.65,0.4554,2.74,1.96,10
SPY,10,2025-03-04,10:20,bull,up,-115.72,574.51,572.39,-0.94,-0.1636,1.59,2.06,5,1.984,0.3453,4.06,2.21,15,9.33,1.624,10.88,2.21,30,3.88,0.6754,10.88,2.21,34
SPY,3,2025-03-18,10:03,bull,up,-111.31,561.17,560.3,-0.58,-0.1034,0.4917,1.02,5,-0.14,-0.0249,0.9,1.02,15,-0.97,-0.1729,0.9,1.83,30,0.29,0.0517,1.045,2.11,119
SPY,3,2025-03-20,10:09,hidden_bear,down,122.28,568.17,568.5075,-1.755,-0.3089,0.52,1.7899,5,-1.605,-0.2825,0.52,2.4,15,-0.55,-0.0968,0.52,2.4,30,2.28,0.4013,4.3997,2.4,117
SPY,3,2025-03-20,10:27,bear,down,121.2,569.48,569.9599,-0.8035,-0.1411,0.62,1.01,5,-0.18,-0.0316,0.67,1.09,15,1.3102,0.2301,1.79,1.09,30,3.59,0.6304,5.7097,1.09,111
SPY,5,2025-03-20,10:50,bear,down,101.54,569.755,570.57,0.825,0.1448,0.945,0.135,5,1.745,0.3063,2.065,0.135,15,4.055,0.7117,4.145,0.135,30,3.845,0.6749,5.9847,0.135,62
SPY,5,2025-04-09,14:05,bear,down,111.08,533.935,537.98,-2.325,-0.4354,1.045,5.935,5,-6.235,-1.1677,4.255,6.465,15,-9.375,-1.7558,4.255,14.685,23,-9.375,-1.7558,4.255,14.685,23
SPY,5,2025-04-10,12:30,bull,up,-100.37,516.95,509.32,2.81,0.5436,3.6,1.53,5,5.64,1.091,8.05,4.08,15,11.75,2.2729,12.76,4.08,30,9.05,1.7507,12.76,4.08,42
SPY,3,2025-04-21,10:24,bull,up,-117.55,515.75,515.28,0.91,0.1764,1.11,0.66,5,-1.34,-0.2598,1.11,1.78,15,-4.72,-0.9152,1.11,4.95,30,-2.0,-0.3878,1.11,7.29,112
SPY,5,2025-04-24,10:10,hidden_bear,down,112.55,539.9699,540.4,-2.8701,-0.5315,0.4399,3.3401,5,-2.5101,-0.4649,0.4399,3.9001,15,-4.9201,-0.9112,0.4399,5.3801,30,-7.7501,-1.4353,0.4399,9.3601,70
SPY,3,2025-04-28,15:54,bear,down,102.94,551.81,552.28,1.41,0.2555,1.41,0.14,2,1.41,0.2555,1.41,0.14,2,1.41,0.2555,1.41,0.14,2,1.41,0.2555,1.41,0.14,2
SPY,3,2025-05-19,09:51,hidden_bear,down,112.81,590.97,591.3,-1.572,-0.266,0.1,2.13,5,-1.74,-0.2944,0.1,2.33,15,-1.7,-0.2877,0.1,2.33,30,-3.43,-0.5804,2.46,4.57,123
SPY,5,2025-05-19,10:10,hidden_bear,down,129.85,592.4,593.1,-0.14,-0.0236,0.88,0.9,5,0.0435,0.0073,0.88,0.9,15,-1.37,-0.2313,3.89,1.74,30,-1.9401,-0.3275,3.89,3.14,70
SPY,10,2025-05-19,10:20,hidden_bear,down,123.34,592.25,593.3,-0.45,-0.076,0.64,0.66,5,-2.29,-0.3867,3.74,2.51,15,-1.295,-0.2187,3.74,3.29,30,-1.8299,-0.309,3.74,3.29,34
SPY,3,2025-05-27,09:36,hidden_bull,up,-108.01,585.09,584.47,0.92,0.1572,1.0898,0.11,5,2.81,0.4803,2.9,0.11,15,2.99,0.511,3.5,0.11,30,5.75,0.9828,6.22,6.66,128
SPY,3,2025-06-30,15:54,bear,down,101.15,618.46,619.15,0.58,0.0938,0.72,0.43,2,0.58,0.0938,0.72,0.43,2,0.58,0.0938,0.72,0.43,2,0.58,0.0938,0.72,0.43,2
SPY,5,2025-07-03,11:15,bear,down,104.74,625.45,625.74,-0.59,-0.0943,0.28,0.6,5,-0.47,-0.0751,0.28,0.63,15,0.51,0.0815,0.58,0.83,22,0.51,0.0815,0.58,0.83,22
SPY,5,2025-07-21,10:30,bear,down,129.8,631.02,631.33,0.0,0.0,0.38,0.12,5,-0.2848,-0.0451,0.38,0.52,15,-0.34,-0.0539,0.485,0.52,30,2.1397,0.3391,2.68,0.52,66
SPY,3,2025-07-21,10:33,bear,down,105.2,631.122,631.39,0.217,0.0344,0.347,0.008,5,0.017,0.0027,0.482,0.093,15,0.0669,0.0106,0.482,0.418,30,2.142,0.3394,2.782,0.418,109
SPY,3,2025-07-21,15:48,bull,up,-118.37,628.94,628.46,0.04,0.0064,0.2089,0.6,4,0.04,0.0064,0.2089,0.6,4,0.04,0.0064,0.2089,0.6,4,0.04,0.0064,0.2089,0.6,4
SPY,5,2025-07-21,15:50,bull,up,-118.22,628.79,628.46,0.0903,0.0144,0.24,0.45,2,0.0903,0.0144,0.24,0.45,2,0.0903,0.0144,0.24,0.45,2,0.0903,0.0144,0.24,0.45,2
SPY,3,2025-07-22,09:54,bull,up,-111.45,627.31,626.56,-0.49,-0.0781,0.12,1.0601,5,0.45,0.0717,0.725,1.0601,15,0.56,0.0893,0.805,1.0601,30,1.37,0.2184,2.42,1.0601,122
SPY,5,2025-07-22,10:05,bull,up,-102.81,627.115,626.2499,0.435,0.0694,0.475,0.395,5,0.69,0.11,1.0,0.395,15,0.37,0.059,1.01,0.395,30,1.795,0.2862,2.615,0.395,71
SPY,3,2025-07-31,09:36,hidden_bull,up,-101.15,638.62,638.56,0.825,0.1292,0.84,0.93,5,0.4,0.0626,1.23,0.93,15,-2.0501,-0.321,1.23,2.1101,30,-6.54,-1.0241,1.23,7.855,128
SPY,5,2025-07-31,13:35,bull,up,-106.88,635.25,634.07,-1.64,-0.2582,0.405,2.185,5,-0.57,-0.0897,0.405,3.82,15,-3.32,-0.5226,0.405,4.485,29,-3.32,-0.5226,0.405,4.485,29
SPY,3,2025-07-31,14:00,bull,up,-107.32,633.66,633.065,-1.64,-0.2588,0.27,2.23,5,1.175,0.1854,1.465,2.23,15,-0.62,-0.0978,1.465,2.23,30,-1.58,-0.2493,1.465,2.895,40
SPY,3,2025-07-31,14:18,bull,up,-105.64,633.02,631.43,1.51,0.2385,1.74,0.02,5,1.56,0.2464,2.105,0.02,15,-0.84,-0.1327,2.105,0.86,30,-0.94,-0.1485,2.105,2.255,34
SPY,10,2025-07-31,14:20,bull,up,-108.11,634.21,631.43,-0.57,-0.0899,0.915,1.18,5,-2.57,-0.4052,0.915,3.445,10,-2.57,-0.4052,0.915,3.445,10,-2.57,-0.4052,0.915,3.445,10
SPY,3,2025-08-04,10:03,bear,down,153.57,629.075,629.34,-0.175,-0.0278,0.805,0.315,5,0.095,0.0151,0.805,0.625,15,-0.164,-0.0261,0.805,0.625,30,-1.965,-0.3124,7.355,2.285,119
SPY,3,2025-09-05,11:03,bull,up,-100.22,644.37,643.74,0.96,0.149,1.0099,1.04,5,1.4201,0.2204,2.53,1.04,15,1.06,0.1645,2.53,1.04,30,2.65,0.4113,3.04,1.04,99
SPY,5,2025-09-22,10:00,hidden_bear,down,103.04,663.475,663.565,-0.605,-0.0912,0.195,0.665,5,-1.3651,-0.2058,0.195,1.845,15,-2.55,-0.3843,0.195,2.555,30,-3.175,-0.4785,0.195,3.815,72
SPY,5,2025-09-22,12:40,bear,down,110.7,666.12,666.1899,-0.225,-0.0338,0.07,0.41,5,-0.235,-0.0353,0.07,0.66,15,-1.0,-0.1501,0.09,1.06,30,-0.53,-0.0796,0.09,1.17,40
SPY,10,2025-09-22,13:00,bear,down,122.04,666.345,666.5,-0.01,-0.0015,0.235,0.435,5,-0.655,-0.0983,0.315,0.9,15,0.095,0.0143,0.315,0.945,18,0.095,0.0143,0.315,0.945,18
SPY,5,2025-09-24,09:55,hidden_bull,up,-103.02,663.04,662.42,0.06,0.009,0.45,0.39,5,-0.615,-0.0928,0.615,0.64,15,-2.13,-0.3212,0.615,3.37,30,-1.49,-0.2247,0.615,3.37,73
SPY,3,2025-09-29,09:42,hidden_bull,up,-102.08,664.4106,663.77,0.1144,0.0172,0.3344,0.3206,5,0.3494,0.0526,0.8694,0.4206,15,-0.6306,-0.0949,0.8694,0.6906,30,-0.7406,-0.1115,0.8694,2.5506,126
SPY,3,2025-10-02,09:45,hidden_bull,up,-101.4,669.52,668.885,-0.49,-0.0732,0.1185,0.77,5,-0.89,-0.1329,0.1185,1.23,15,-2.17,-0.3241,0.1185,2.5,30,-0.23,-0.0344,0.21,2.74,125
SPY,3,2025-10-10,11:33,bull,up,-134.84,661.2,659.92,1.8,0.2722,2.505,1.73,5,-0.3,-0.0454,2.89,1.73,15,-3.26,-0.493,2.89,3.26,30,-7.63,-1.154,2.89,8.6,89
SPY,10,2025-10-10,13:10,bull,up,-102.78,658.66,657.84,0.27,0.041,2.27,0.555,5,-2.7,-0.4099,2.27,4.6,15,-5.09,-0.7728,2.27,6.06,17,-5.09,-0.7728,2.27,6.06,17
SPY,3,2025-10-31,09:45,hidden_bull,up,-109.91,683.54,683.0,-0.05,-0.0073,0.67,0.54,5,-0.06,-0.0088,0.67,1.33,15,0.84,0.1229,1.21,1.33,30,-1.7503,-0.2561,1.26,4.3,125
SPY,3,2025-11-06,10:45,bull,up,-103.25,671.28,670.9,0.02,0.003,0.62,0.52,5,-0.32,-0.0477,0.74,1.06,15,-1.43,-0.213,0.74,2.27,30,-0.68,-0.1013,2.42,2.56,105
SPY,5,2025-11-06,10:50,bull,up,-101.95,671.72,670.9,-0.71,-0.1057,0.3,1.18,5,-1.26,-0.1876,0.3,2.71,15,-1.13,-0.1682,0.3,3.0,30,-0.9608,-0.143,1.98,3.0,62
SPY,10,2025-11-06,12:00,bull,up,-108.98,670.46,669.01,0.67,0.0999,1.12,1.74,5,2.77,0.4131,3.24,1.74,15,0.4,0.0597,3.24,1.74,24,0.4,0.0597,3.24,1.74,24
SPY,3,2025-11-20,11:54,hidden_bear,down,-102.9,661.59,665.79,2.87,0.4338,3.19,0.79,5,3.68,0.5562,6.14,0.79,15,2.56,0.3869,6.14,0.79,30,9.24,1.3966,9.9,0.79,82
SPY,3,2025-11-20,12:00,bull,up,-135.06,661.32,659.39,-3.89,-0.5882,0.58,4.01,5,-5.43,-0.8211,0.58,5.87,15,-2.71,-0.4098,0.65,5.87,30,-8.97,-1.3564,0.65,9.63,80
SPY,3,2025-11-20,12:21,bull,up,-110.0,658.64,656.6,-0.82,-0.1245,0.9,3.19,5,0.82,0.1245,1.02,3.19,15,-4.38,-0.665,3.33,4.44,30,-6.29,-0.955,3.33,6.95,73
SPY,3,2025-12-08,09:42,hidden_bull,up,-100.15,685.92,685.62,-0.48,-0.07,0.18,0.94,5,-1.365,-0.199,0.18,2.0476,15,-2.5099,-0.3659,0.18,3.01,30,-2.39,-0.3484,0.18,4.35,126
SPY,5,2025-12-12,11:05,bull,up,-129.69,680.94,680.62,-0.62,-0.0911,0.77,1.24,5,1.76,0.2585,2.08,1.7656,15,2.69,0.395,3.4,1.7656,30,1.06,0.1557,3.4,1.7656,59
SPY,3,2025-12-12,11:06,bull,up,-119.33,681.03,680.47,-1.06,-0.1556,0.68,1.33,5,-1.19,-0.1747,0.68,1.8556,15,1.38,0.2026,1.99,1.8556,30,0.74,0.1087,3.31,1.8556,98
SPY,5,2025-12-15,10:05,hidden_bull,up,-108.66,681.82,681.18,-0.92,-0.1349,2.79,2.57,5,0.74,0.1085,2.79,2.57,15,-0.99,-0.1452,2.79,2.57,30,-1.04,-0.1525,2.79,2.57,71
SPY,3,2025-12-15,10:18,bull,up,-104.95,681.19,680.76,-0.12,-0.0176,3.42,1.94,5,-0.15,-0.022,3.42,1.94,15,-0.2,-0.0294,3.42,1.94,30,-0.49,-0.0719,3.42,1.94,114
SPY,5,2025-12-24,12:15,bear,down,107.36,690.37,690.64,0.02,0.0029,0.1,0.46,5,0.52,0.0753,0.52,0.46,10,0.52,0.0753,0.52,0.46,10,0.52,0.0753,0.52,0.46,10
SPY,3,2026-01-12,09:42,hidden_bear,down,140.72,692.7499,693.095,-0.8801,-0.127,0.2099,1.1501,5,-0.8201,-0.1184,0.2099,1.1501,15,-1.7301,-0.2497,0.2099,1.7301,30,-2.4301,-0.3508,0.2099,3.3401,126
SPY,3,2026-01-12,09:57,bear,down,137.91,693.63,693.78,0.3101,0.0447,0.63,0.16,5,0.235,0.0339,0.67,0.18,15,-0.6,-0.0865,0.67,1.05,30,-1.55,-0.2235,0.67,2.46,121
SPY,5,2026-01-12,10:00,hidden_bear,down,129.4,693.33,693.9,-0.24,-0.0346,0.33,0.48,5,-1.23,-0.1774,0.37,1.35,15,-1.05,-0.1514,0.37,1.53,30,-1.87,-0.2697,0.37,2.76,72
SPY,10,2026-01-12,10:00,hidden_bear,down,115.43,693.22,693.9,-0.69,-0.0995,0.26,0.84,5,-0.9511,-0.1372,0.26,1.64,15,-2.62,-0.3779,0.26,2.87,30,-1.98,-0.2856,0.26,2.87,36
SPY,10,2026-01-12,11:20,bear,down,101.61,694.23,694.68,-0.11,-0.0158,0.16,0.63,5,-0.985,-0.1419,0.16,1.16,15,-0.97,-0.1397,0.16,1.86,28,-0.97,-0.1397,0.16,1.86,28
SPY,3,2026-01-22,15:36,bull,up,-102.14,687.955,687.67,0.875,0.1272,0.955,0.27,5,0.865,0.1257,1.215,0.27,8,0.865,0.1257,1.215,0.27,8,0.865,0.1257,1.215,0.27,8
SPY,5,2026-01-26,10:25,bear,down,118.96,692.55,693.4,-0.6,-0.0866,0.32,0.7888,5,-0.375,-0.0541,0.32,0.81,15,-0.69,-0.0996,0.32,1.1599,30,-0.07,-0.0101,0.32,1.58,67
SPY,3,2026-01-29,10:12,hidden_bear,down,-118.92,689.17,690.88,0.2,0.029,0.31,1.62,5,3.12,0.4527,3.9765,1.62,15,0.7,0.1016,4.34,1.62,30,-4.93,-0.7154,4.34,5.62,116
SPY,3,2026-01-29,10:45,bull,up,-119.26,687.19,686.3,-1.57,-0.2285,0.1,1.9965,5,1.11,0.1615,1.465,2.36,15,3.3,0.4802,3.71,2.36,30,6.91,1.0055,7.6,2.36,105
SPY,5,2026-01-29,10:45,bull,up,-138.4,686.53,686.3,1.07,0.1559,1.11,1.7,5,2.99,0.4355,3.29,1.7,15,4.0,0.5826,5.145,1.7,30,7.67,1.1172,8.26,1.7,63
SPY,3,2026-02-02,09:45,hidden_bear,down,100.25,692.495,692.73,-0.715,-0.1032,0.395,1.345,5,-2.48,-0.3581,0.395,3.175,15,-2.545,-0.3675,0.395,3.255,30,-2.785,-0.4022,0.395,4.435,125
SPY,3,2026-02-02,10:18,bear,down,112.36,695.26,695.205,0.0601,0.0086,0.8001,0.17,5,1.15,0.1654,1.31,0.49,15,0.45,0.0647,1.34,0.49,30,-0.02,-0.0029,1.34,1.67,114
SPY,3,2026-04-14,09:45,bear,down,111.35,689.53,689.965,-0.25,-0.0363,0.15,0.33,5,-1.39,-0.2016,0.15,1.52,15,-1.79,-0.2596,0.15,2.1499,30,-4.57,-0.6628,0.15,5.05,125
SPY,10,2026-04-14,10:30,bear,down,110.99,690.82,691.03,-1.43,-0.207,0.21,1.65,5,-2.325,-0.3366,0.21,2.9,15,-3.5,-0.5066,0.21,3.76,30,-3.07,-0.4444,0.21,3.76,33
SPY,5,2026-04-14,10:55,bear,down,100.04,691.5399,691.6799,-0.3801,-0.055,0.6399,0.5001,5,-1.4801,-0.214,0.6399,1.7601,15,-2.2001,-0.3181,0.6399,2.5201,30,-2.3401,-0.3384,0.6399,3.0401,61
